-- phpMyAdmin SQL Dump
-- version 4.8.5
-- https://www.phpmyadmin.net/
--
-- Host: 127.0.0.1
-- Generation Time: Feb 16, 2020 at 11:58 AM
-- Server version: 10.1.38-MariaDB
-- PHP Version: 7.3.2

SET SQL_MODE = "NO_AUTO_VALUE_ON_ZERO";
SET AUTOCOMMIT = 0;
START TRANSACTION;
SET time_zone = "+00:00";


/*!40101 SET @OLD_CHARACTER_SET_CLIENT=@@CHARACTER_SET_CLIENT */;
/*!40101 SET @OLD_CHARACTER_SET_RESULTS=@@CHARACTER_SET_RESULTS */;
/*!40101 SET @OLD_COLLATION_CONNECTION=@@COLLATION_CONNECTION */;
/*!40101 SET NAMES utf8mb4 */;

--
-- Database: `eapi`
--

-- --------------------------------------------------------

--
-- Table structure for table `migrations`
--

CREATE TABLE `migrations` (
  `id` int(10) UNSIGNED NOT NULL,
  `migration` varchar(191) COLLATE utf8mb4_unicode_ci NOT NULL,
  `batch` int(11) NOT NULL
) ENGINE=InnoDB DEFAULT CHARSET=utf8mb4 COLLATE=utf8mb4_unicode_ci;

--
-- Dumping data for table `migrations`
--

INSERT INTO `migrations` (`id`, `migration`, `batch`) VALUES
(5, '2014_10_12_000000_create_users_table', 1),
(6, '2014_10_12_100000_create_password_resets_table', 1),
(7, '2020_02_16_065414_create_products_table', 1),
(8, '2020_02_16_065444_create_reviews_table', 1);

-- --------------------------------------------------------

--
-- Table structure for table `password_resets`
--

CREATE TABLE `password_resets` (
  `email` varchar(191) COLLATE utf8mb4_unicode_ci NOT NULL,
  `token` varchar(191) COLLATE utf8mb4_unicode_ci NOT NULL,
  `created_at` timestamp NULL DEFAULT NULL
) ENGINE=InnoDB DEFAULT CHARSET=utf8mb4 COLLATE=utf8mb4_unicode_ci;

-- --------------------------------------------------------

--
-- Table structure for table `products`
--

CREATE TABLE `products` (
  `id` int(10) UNSIGNED NOT NULL,
  `name` varchar(191) COLLATE utf8mb4_unicode_ci NOT NULL,
  `detail` text COLLATE utf8mb4_unicode_ci NOT NULL,
  `price` int(11) NOT NULL,
  `stock` int(11) NOT NULL,
  `discount` int(11) NOT NULL,
  `created_at` timestamp NULL DEFAULT NULL,
  `updated_at` timestamp NULL DEFAULT NULL
) ENGINE=InnoDB DEFAULT CHARSET=utf8mb4 COLLATE=utf8mb4_unicode_ci;

--
-- Dumping data for table `products`
--

INSERT INTO `products` (`id`, `name`, `detail`, `price`, `stock`, `discount`, `created_at`, `updated_at`) VALUES
(1, 'voluptas', 'Maiores pariatur alias voluptatem facilis consequuntur totam. Id et et provident nobis recusandae eligendi.', 184, 3, 14, '2020-02-16 03:50:09', '2020-02-16 03:50:09'),
(2, 'et', 'Maxime fugit dolor aut. Numquam sunt nobis omnis recusandae. Rem atque necessitatibus aspernatur quis architecto. Assumenda aut vel laudantium.', 408, 8, 21, '2020-02-16 03:50:09', '2020-02-16 03:50:09'),
(3, 'aut', 'Tempore ut voluptas vitae accusamus et praesentium. Tempora suscipit rem culpa distinctio atque dolores consequatur. Nihil ducimus ipsam ut excepturi facilis voluptatem.', 522, 4, 19, '2020-02-16 03:50:09', '2020-02-16 03:50:09'),
(4, 'assumenda', 'Consequatur quia autem sed saepe minus ratione et quisquam. Distinctio alias ea veritatis est eaque natus explicabo. Vero dicta nesciunt ut ut velit quod dolor. Quas facilis illo non id consequatur perspiciatis quia.', 306, 9, 27, '2020-02-16 03:50:09', '2020-02-16 03:50:09'),
(5, 'dicta', 'Impedit velit quos placeat accusantium. Quam laborum voluptate aperiam et modi molestiae ea. Commodi nulla totam non fugiat sapiente dignissimos facere.', 321, 6, 11, '2020-02-16 03:50:09', '2020-02-16 03:50:09'),
(6, 'ea', 'Ab eos dicta reiciendis numquam. Eius labore qui perferendis enim placeat deleniti. Dolorum necessitatibus eum odio eos nemo iusto atque.', 831, 1, 10, '2020-02-16 03:50:09', '2020-02-16 03:50:09'),
(7, 'sapiente', 'Iste sed aut necessitatibus itaque eum. Laudantium debitis recusandae itaque a aut nostrum nulla. Corrupti eius qui dolorem aliquam. Odio omnis aut qui temporibus error libero praesentium.', 776, 7, 7, '2020-02-16 03:50:09', '2020-02-16 03:50:09'),
(8, 'minus', 'Voluptas voluptates aut qui adipisci autem tempora illum sunt. Officiis aut vel sunt deleniti iure consequatur beatae. Voluptatum consequatur esse magni iste. Nobis consectetur vitae architecto eligendi quod.', 409, 0, 22, '2020-02-16 03:50:09', '2020-02-16 03:50:09'),
(9, 'est', 'Reprehenderit beatae sapiente sint impedit dolorem impedit. Voluptas et sed et sit optio in aspernatur. Aut minima quis et.', 339, 3, 25, '2020-02-16 03:50:09', '2020-02-16 03:50:09'),
(10, 'cumque', 'Pariatur architecto praesentium delectus vero molestias consequuntur eum. Rerum ipsum temporibus aut nulla officiis laborum.', 923, 8, 23, '2020-02-16 03:50:09', '2020-02-16 03:50:09'),
(11, 'necessitatibus', 'Voluptatum debitis sint quia sunt et explicabo consectetur. Placeat et recusandae est id delectus. Perferendis saepe accusamus voluptas nesciunt praesentium.', 388, 1, 29, '2020-02-16 03:50:09', '2020-02-16 03:50:09'),
(12, 'veniam', 'Omnis dolor et omnis. Quasi ut ea minima debitis vel eum voluptatem. Magnam est numquam nulla laboriosam. Blanditiis esse et voluptas. Sit ad in eum exercitationem aliquam.', 320, 3, 19, '2020-02-16 03:50:09', '2020-02-16 03:50:09'),
(13, 'blanditiis', 'Ut eaque delectus autem eligendi ipsum omnis consequatur repellat. Voluptatem libero ut excepturi incidunt dolorem. Totam eveniet quisquam nobis aliquam.', 154, 6, 21, '2020-02-16 03:50:09', '2020-02-16 03:50:09'),
(14, 'ut', 'Odit quia dolores vero officia laudantium. Provident ut dolorem laboriosam iure. Consequatur harum ducimus placeat sed voluptas doloribus et. Nemo voluptate qui error maxime.', 556, 4, 10, '2020-02-16 03:50:09', '2020-02-16 03:50:09'),
(15, 'eum', 'Commodi velit a doloribus deserunt necessitatibus quas. Rerum dolores optio nulla deleniti ut. Dolor nam doloribus qui cum. Exercitationem cum explicabo ratione neque quaerat vero cupiditate. Iste hic labore dolorem ea cumque.', 586, 3, 29, '2020-02-16 03:50:09', '2020-02-16 03:50:09'),
(16, 'sit', 'Fuga ab quae facilis quo. Tempore quasi minima id ex corporis. Quo quasi unde facilis ab laborum.', 583, 0, 20, '2020-02-16 03:50:09', '2020-02-16 03:50:09'),
(17, 'sint', 'Pariatur aut sint non mollitia. Eaque velit accusantium facilis rerum quidem. Quas hic quae ea quos. Eos voluptates qui blanditiis consequatur.', 862, 7, 25, '2020-02-16 03:50:09', '2020-02-16 03:50:09'),
(18, 'molestiae', 'Nulla voluptas sit qui. Ipsa illo autem et nemo ut dolores dolor. Et animi commodi eum blanditiis. Hic ipsa et aliquid illo repellat facere eum.', 785, 6, 26, '2020-02-16 03:50:09', '2020-02-16 03:50:09'),
(19, 'quos', 'Quo non soluta nulla iste ad nobis tenetur. Aperiam animi molestiae quaerat nisi commodi quisquam rem. Soluta eos sit rerum qui quisquam veritatis. Tempora architecto aperiam aut molestiae repellat.', 267, 3, 25, '2020-02-16 03:50:09', '2020-02-16 03:50:09'),
(20, 'esse', 'Deleniti qui et iste voluptas. Doloremque commodi voluptas sit vel odio iste. Distinctio omnis ut et rerum blanditiis aperiam culpa. Consequuntur non ullam ab optio nisi aliquam atque.', 428, 3, 30, '2020-02-16 03:50:09', '2020-02-16 03:50:09'),
(21, 'est', 'Veniam magni ipsam qui non error ut dolores. Occaecati vitae ab itaque et soluta et ut molestiae. Tempore et qui nihil et excepturi id. Aut molestiae impedit eaque distinctio illum.', 471, 3, 13, '2020-02-16 03:50:09', '2020-02-16 03:50:09'),
(22, 'architecto', 'Similique eius corrupti dolorum quisquam eum. Enim sit nam aut consectetur qui. Officiis sed voluptatibus doloremque pariatur et qui molestias. Molestiae ea reiciendis voluptatem beatae libero aut.', 862, 2, 26, '2020-02-16 03:50:09', '2020-02-16 03:50:09'),
(23, 'vel', 'Ut earum consequatur commodi aut sit necessitatibus quam. Possimus praesentium velit commodi ipsam. Exercitationem placeat suscipit labore. Et et voluptates est quas atque.', 474, 3, 12, '2020-02-16 03:50:09', '2020-02-16 03:50:09'),
(24, 'vel', 'Ut aut mollitia tempore nesciunt. Aspernatur omnis nesciunt inventore rerum. Recusandae nisi eum dolore occaecati asperiores tenetur et. Delectus aut consectetur illum fuga est at et.', 492, 9, 25, '2020-02-16 03:50:09', '2020-02-16 03:50:09'),
(25, 'amet', 'Nemo optio sit et voluptatem alias. Aperiam sunt sint nesciunt et omnis sunt saepe. Doloremque quia eveniet qui non quia quam et.', 495, 1, 14, '2020-02-16 03:50:09', '2020-02-16 03:50:09'),
(26, 'illum', 'Sequi nihil dolorem at eius. Iste eum quia non quidem est sed consectetur provident. Quod ullam fugit fugit labore asperiores odio cum.', 693, 0, 9, '2020-02-16 03:50:09', '2020-02-16 03:50:09'),
(27, 'qui', 'Unde quaerat maiores ullam id aut excepturi. Quam qui omnis rerum praesentium fugiat nihil. Non sed asperiores voluptates iusto.', 440, 4, 7, '2020-02-16 03:50:09', '2020-02-16 03:50:09'),
(28, 'ut', 'Et vero quidem hic earum quod reiciendis odio. Esse alias ab porro laudantium accusamus vel. Et consequatur repudiandae non. Eius rerum itaque rerum. Voluptatem ipsam minus provident numquam delectus.', 507, 7, 8, '2020-02-16 03:50:09', '2020-02-16 03:50:09'),
(29, 'explicabo', 'Molestiae consectetur accusantium distinctio nihil nulla dolorem modi. Et velit id enim dignissimos eaque eos. Et et labore qui quia doloribus. Fugiat mollitia et quis cupiditate odit.', 408, 9, 7, '2020-02-16 03:50:09', '2020-02-16 03:50:09'),
(30, 'tenetur', 'Quaerat vel quaerat quia reiciendis dicta. Impedit fugit possimus quo sit eligendi aliquid. Molestiae atque repellat cupiditate ducimus nihil et quam.', 108, 0, 23, '2020-02-16 03:50:09', '2020-02-16 03:50:09'),
(31, 'cupiditate', 'Ea nostrum quia repudiandae eos possimus. Corrupti nam atque alias dolorem facere natus. Quisquam omnis dignissimos quia. Ad ab sit suscipit aut.', 130, 3, 27, '2020-02-16 03:50:09', '2020-02-16 03:50:09'),
(32, 'sed', 'Non enim sed alias ex voluptatem omnis. Culpa error similique consectetur velit cum. Perferendis et accusamus omnis nam. Veniam in sit enim in vero velit voluptatem.', 847, 7, 19, '2020-02-16 03:50:09', '2020-02-16 03:50:09'),
(33, 'nam', 'Asperiores consequatur minima sit laborum quaerat vel saepe. Ipsum porro occaecati laborum natus odit facere reprehenderit. Consectetur et id assumenda ut. Cum optio recusandae suscipit maiores possimus. Eos atque eum qui magni odit.', 506, 4, 7, '2020-02-16 03:50:09', '2020-02-16 03:50:09'),
(34, 'et', 'Odio sed alias enim repudiandae et est. Consectetur qui sunt et totam autem sequi. Iusto ut magni distinctio. Occaecati molestias fuga maiores.', 788, 7, 27, '2020-02-16 03:50:09', '2020-02-16 03:50:09'),
(35, 'sit', 'Ut necessitatibus corrupti distinctio aut praesentium est ipsa. Accusantium numquam labore animi culpa.', 917, 2, 11, '2020-02-16 03:50:09', '2020-02-16 03:50:09'),
(36, 'voluptas', 'Tenetur animi ut sed impedit aperiam. Et accusamus asperiores reprehenderit.', 650, 0, 20, '2020-02-16 03:50:09', '2020-02-16 03:50:09'),
(37, 'tempore', 'Ratione voluptas quis doloremque qui nam. Cumque iusto reiciendis qui sapiente et. Impedit consequatur mollitia voluptas et ducimus velit itaque sapiente. Eos et repudiandae veniam qui inventore vitae sapiente.', 937, 1, 6, '2020-02-16 03:50:09', '2020-02-16 03:50:09'),
(38, 'assumenda', 'Non exercitationem nesciunt aliquam deserunt. Omnis rerum accusamus cum cum eos et id. Sequi sed similique dolore repellat. Eveniet distinctio exercitationem quasi dicta omnis minus minima.', 176, 8, 17, '2020-02-16 03:50:09', '2020-02-16 03:50:09'),
(39, 'atque', 'Tempora rerum ut voluptatem sed eius ex. Aperiam qui nesciunt quo deserunt et. Doloribus ab et sed temporibus.', 124, 6, 5, '2020-02-16 03:50:09', '2020-02-16 03:50:09'),
(40, 'cum', 'Veritatis doloremque ullam non harum quas. Fuga temporibus commodi officiis cupiditate error. Ratione quaerat illum ut laudantium veritatis.', 874, 3, 30, '2020-02-16 03:50:09', '2020-02-16 03:50:09'),
(41, 'consequatur', 'Dolore ut rerum consectetur. Quasi quas laboriosam et et. Ut omnis nam non ut ea quas et dolor. Qui eveniet quas ad sint.', 697, 7, 10, '2020-02-16 03:50:09', '2020-02-16 03:50:09'),
(42, 'corporis', 'Excepturi quo aperiam sit quia incidunt cumque. Dignissimos qui voluptatem velit et. Omnis itaque et accusamus quam dicta est.', 244, 4, 16, '2020-02-16 03:50:09', '2020-02-16 03:50:09'),
(43, 'ex', 'Voluptatibus voluptatem voluptatibus ipsum perspiciatis facere. Tenetur ut eligendi quo saepe. Rerum earum error voluptatum ut ut iste sit.', 770, 2, 13, '2020-02-16 03:50:09', '2020-02-16 03:50:09'),
(44, 'voluptatem', 'Est sed et qui nihil harum. Eligendi autem velit perferendis et. Repellat nam autem et laboriosam vero. Et est ex blanditiis eaque sit.', 501, 4, 17, '2020-02-16 03:50:09', '2020-02-16 03:50:09'),
(45, 'optio', 'Voluptas fugiat placeat culpa quam possimus. Necessitatibus neque aspernatur voluptatem pariatur explicabo autem dolorum.', 206, 1, 6, '2020-02-16 03:50:09', '2020-02-16 03:50:09'),
(46, 'sed', 'Voluptatem voluptatem tempora et reprehenderit omnis. Veritatis nihil corporis et quam qui repellat. Qui voluptas molestiae accusamus. Accusamus ullam ut illo quia rerum.', 215, 7, 5, '2020-02-16 03:50:09', '2020-02-16 03:50:09'),
(47, 'magnam', 'Minima esse ad et qui incidunt quaerat. Cumque possimus qui aut culpa qui. Quis in ea numquam cumque quos consequatur nemo. Magnam earum ducimus iure ab architecto hic ut.', 872, 3, 26, '2020-02-16 03:50:09', '2020-02-16 03:50:09'),
(48, 'rem', 'Rerum vero nihil repellat repudiandae qui. Alias minima necessitatibus optio ut earum molestiae quos nesciunt. Enim sequi repudiandae consectetur.', 121, 5, 14, '2020-02-16 03:50:09', '2020-02-16 03:50:09'),
(49, 'velit', 'Aliquam ipsam est nihil amet repellendus. Nostrum non aliquam similique molestiae qui iste rerum. Voluptatibus dicta optio omnis ut. Itaque qui officiis nobis.', 646, 0, 24, '2020-02-16 03:50:09', '2020-02-16 03:50:09'),
(50, 'architecto', 'Et expedita et dolor voluptates est laboriosam. Dolorem voluptas et et ut sed inventore sed eum. Aut ratione qui vel eveniet rerum perspiciatis. Hic occaecati et voluptatem dolorum voluptatem facere.', 132, 8, 4, '2020-02-16 03:50:09', '2020-02-16 03:50:09');

-- --------------------------------------------------------

--
-- Table structure for table `reviews`
--

CREATE TABLE `reviews` (
  `id` int(10) UNSIGNED NOT NULL,
  `product_id` int(10) UNSIGNED NOT NULL,
  `customer` varchar(191) COLLATE utf8mb4_unicode_ci NOT NULL,
  `review` text COLLATE utf8mb4_unicode_ci NOT NULL,
  `star` int(11) NOT NULL,
  `created_at` timestamp NULL DEFAULT NULL,
  `updated_at` timestamp NULL DEFAULT NULL
) ENGINE=InnoDB DEFAULT CHARSET=utf8mb4 COLLATE=utf8mb4_unicode_ci;

--
-- Dumping data for table `reviews`
--

INSERT INTO `reviews` (`id`, `product_id`, `customer`, `review`, `star`, `created_at`, `updated_at`) VALUES
(1, 49, 'Bryce VonRueden V', 'Eveniet ratione fuga ut. Tempora architecto est porro molestiae sit harum architecto. Eligendi voluptatem voluptatem sit magni tenetur. Quia eos similique voluptates numquam modi atque laboriosam eaque.', 1, '2020-02-16 03:50:10', '2020-02-16 03:50:10'),
(2, 26, 'Mr. Dave Kiehn DVM', 'Alias quam sint ullam consequatur. Dignissimos facere eos eveniet consectetur libero ea qui. Similique optio excepturi consequatur. Placeat voluptatum maiores cupiditate non harum dolorum sit rem.', 1, '2020-02-16 03:50:10', '2020-02-16 03:50:10'),
(3, 40, 'Nikolas DuBuque', 'Architecto voluptate veniam aut rerum temporibus. Nesciunt quidem consequuntur inventore dolorem. Cum sit rerum itaque nam. Atque sint sit sit similique quas.', 0, '2020-02-16 03:50:10', '2020-02-16 03:50:10'),
(4, 41, 'Grant Hilpert V', 'A repellendus ut quam minus maiores autem. Sit id id impedit possimus tenetur ad. Fugit maxime eos expedita itaque. Provident sed alias hic. Unde quo libero deserunt quaerat.', 3, '2020-02-16 03:50:10', '2020-02-16 03:50:10'),
(5, 20, 'Willard Swift', 'Ipsa perferendis doloribus aspernatur similique voluptatibus ipsam est. Porro debitis et voluptates et. Id animi rerum optio.', 3, '2020-02-16 03:50:10', '2020-02-16 03:50:10'),
(6, 36, 'Sherman Carter Jr.', 'Enim dolores sunt saepe consequatur ipsa dolorem. Quaerat nemo libero modi omnis porro saepe necessitatibus.', 1, '2020-02-16 03:50:10', '2020-02-16 03:50:10'),
(7, 25, 'Willy Kuhlman', 'Porro pariatur et quaerat quo qui. Dolorem omnis necessitatibus ullam dicta sed. Numquam in iusto cumque unde autem sit sunt.', 5, '2020-02-16 03:50:10', '2020-02-16 03:50:10'),
(8, 30, 'Phoebe Will', 'Soluta magni voluptatem doloremque culpa ut voluptates occaecati eaque. Sit et amet consequatur sapiente delectus rerum. In officiis nam aut quam eum beatae consequuntur provident.', 3, '2020-02-16 03:50:10', '2020-02-16 03:50:10'),
(9, 23, 'Cheyanne Mills', 'Dolor omnis magnam occaecati quo reiciendis perferendis non. Voluptatem occaecati quod placeat ducimus molestiae ipsam id. Numquam non repellendus ut quas quia excepturi velit est.', 2, '2020-02-16 03:50:10', '2020-02-16 03:50:10'),
(10, 36, 'Mrs. Vada Runolfsdottir III', 'Impedit id in ut quos aut. Itaque est quis quidem labore ratione accusantium voluptatem quas. Et expedita maxime accusamus sunt.', 3, '2020-02-16 03:50:10', '2020-02-16 03:50:10'),
(11, 6, 'Prof. Sedrick Littel II', 'Nam saepe atque deleniti nam et officiis. Sed ratione consectetur eligendi excepturi aperiam error ipsum itaque. Laborum dicta animi provident autem.', 2, '2020-02-16 03:50:10', '2020-02-16 03:50:10'),
(12, 2, 'Hudson Hyatt', 'Tempora voluptate voluptatibus qui autem debitis aut. Magnam nemo quos commodi et autem animi voluptas. Dicta accusamus et qui fugit nemo aut amet.', 0, '2020-02-16 03:50:10', '2020-02-16 03:50:10'),
(13, 5, 'Jessica Macejkovic', 'Molestiae impedit consequatur rerum inventore et qui. Ut molestiae aut illum. Hic beatae quos consequuntur dolorum doloremque sit officia. Rerum sint ullam nisi non eaque laudantium mollitia voluptatem. Laboriosam eligendi architecto quo quas.', 1, '2020-02-16 03:50:10', '2020-02-16 03:50:10'),
(14, 47, 'Mr. Otho Kilback I', 'Ducimus quibusdam tenetur et quae nesciunt blanditiis ut. Temporibus ut esse voluptatem. Exercitationem sed eos nemo. Assumenda illo vel hic enim architecto sequi officia. Dolor nobis ea quae et eius.', 5, '2020-02-16 03:50:11', '2020-02-16 03:50:11'),
(15, 1, 'Santiago Dietrich', 'Vero sapiente quia saepe molestiae blanditiis voluptatem. Sapiente cupiditate earum maxime vitae aut officia. Qui rerum tempore fuga vitae nihil aperiam.', 0, '2020-02-16 03:50:11', '2020-02-16 03:50:11'),
(16, 50, 'Dr. Stanley Hagenes III', 'Aut rerum et impedit fuga. Voluptas dolor tempore velit occaecati id. Nisi error impedit qui nostrum. Quia est veniam eaque et.', 5, '2020-02-16 03:50:11', '2020-02-16 03:50:11'),
(17, 23, 'Dr. Irving Tremblay', 'Asperiores facere eos vitae modi tempora. Voluptas laboriosam fugiat magni rerum sit. Voluptatem culpa enim explicabo veritatis ut itaque animi.', 3, '2020-02-16 03:50:11', '2020-02-16 03:50:11'),
(18, 19, 'Saige Walker', 'Perspiciatis dolor nemo qui velit velit placeat ab. Iure dolorem eius repudiandae. Eos sequi quisquam laborum voluptate. Fuga ut consequatur facilis nihil tempora maiores corporis eos.', 0, '2020-02-16 03:50:11', '2020-02-16 03:50:11'),
(19, 42, 'Maurine Klocko III', 'Labore aliquid corrupti dignissimos soluta illo. Omnis dolorem corrupti molestias recusandae temporibus et. Harum beatae ut dignissimos assumenda. Aliquam tempora eum omnis reprehenderit veritatis omnis.', 5, '2020-02-16 03:50:11', '2020-02-16 03:50:11'),
(20, 23, 'Earl O\'Reilly Jr.', 'Sed reprehenderit ea enim est. Sequi vel aperiam amet culpa labore libero eveniet. Et dolorem omnis aut hic reprehenderit cupiditate deserunt. Et veritatis neque eos.', 1, '2020-02-16 03:50:11', '2020-02-16 03:50:11'),
(21, 22, 'Phyllis Thompson IV', 'Beatae quo magni veniam id quidem consectetur. Et sit enim laboriosam repellat. Officiis molestias aut soluta quam ex sed quia. Occaecati eaque asperiores quas labore sunt.', 3, '2020-02-16 03:50:11', '2020-02-16 03:50:11'),
(22, 25, 'Mrs. Gina Blanda', 'Sapiente occaecati sit fugit beatae quia. Sit magni placeat itaque totam facere quia et sint. Qui nam quos exercitationem ipsam. Nihil vitae quisquam non non aperiam sit voluptates.', 5, '2020-02-16 03:50:11', '2020-02-16 03:50:11'),
(23, 21, 'Andreane Lynch', 'Tempore unde est est et similique ut aliquid eos. Ad sint consequatur qui nostrum. Aut et est ex ut modi.', 1, '2020-02-16 03:50:11', '2020-02-16 03:50:11'),
(24, 31, 'Ms. Estella Huels', 'Et reprehenderit asperiores ratione corrupti. Explicabo quisquam hic asperiores eveniet quia quae rerum aut. Omnis sed nesciunt est aperiam.', 5, '2020-02-16 03:50:11', '2020-02-16 03:50:11'),
(25, 47, 'Donavon Weimann I', 'Dolores aut voluptas mollitia dolorem ut. Veniam consequatur voluptatem rerum laudantium. Quibusdam et aliquid minus cumque libero et aspernatur. Quia necessitatibus rem pariatur cumque cum id porro. Eligendi dicta modi autem est consequatur error quod.', 4, '2020-02-16 03:50:11', '2020-02-16 03:50:11'),
(26, 24, 'Nathanael Mraz', 'Vitae ratione magnam voluptatem minima sed assumenda. Sed dolores deserunt et dignissimos voluptatem. Molestias id voluptatem neque sapiente excepturi velit quo.', 0, '2020-02-16 03:50:11', '2020-02-16 03:50:11'),
(27, 26, 'Elisa Flatley', 'Eum nisi et dolore quo sed impedit. Accusamus dolor accusamus molestias eos aspernatur. Perferendis a sed voluptate asperiores. Ipsum omnis dicta ex qui quia aut aut.', 0, '2020-02-16 03:50:11', '2020-02-16 03:50:11'),
(28, 3, 'Miss Marilou Ratke', 'Facere corporis illum ut ratione necessitatibus temporibus nam expedita. Qui nostrum animi aut aut. Earum vel magnam aut sapiente repellendus aut. Eaque fugit atque et ullam corrupti.', 0, '2020-02-16 03:50:11', '2020-02-16 03:50:11'),
(29, 19, 'Fred Langosh', 'Soluta dicta nesciunt natus quaerat dignissimos sapiente. Vero et ab officiis eum. Deserunt consequatur quas quam.', 0, '2020-02-16 03:50:11', '2020-02-16 03:50:11'),
(30, 41, 'Adah Dooley', 'Qui soluta et id beatae reprehenderit ipsam. Est accusamus reiciendis quos ad animi mollitia officiis et. Voluptatem a repellat omnis libero saepe. Et nisi quia non ex.', 1, '2020-02-16 03:50:11', '2020-02-16 03:50:11'),
(31, 38, 'Kenyatta Rath DVM', 'Commodi eum at commodi delectus dolor vel. Aut sit architecto unde ea necessitatibus eaque. Alias et culpa dolores eos.', 0, '2020-02-16 03:50:11', '2020-02-16 03:50:11'),
(32, 29, 'Durward Jakubowski', 'Numquam architecto exercitationem nulla odit aut. Quis nam doloribus voluptatem sed aspernatur. Autem enim in expedita dolore aliquam quia amet eveniet. Ut ab similique vel voluptas voluptas aliquid aut.', 4, '2020-02-16 03:50:11', '2020-02-16 03:50:11'),
(33, 35, 'Clint Schowalter', 'Id sunt incidunt voluptatem at vel esse. Quia perspiciatis ut qui velit libero quod dolorem quia. Ut ea beatae in sed pariatur. Tenetur numquam labore quia velit accusamus enim.', 4, '2020-02-16 03:50:11', '2020-02-16 03:50:11'),
(34, 33, 'Bettye Johnston PhD', 'A explicabo sed voluptas quidem qui odio. Adipisci repellendus maiores ad rerum nemo et corrupti. Dolores iure exercitationem qui dolores non qui voluptatem voluptates. A id odit deleniti libero fugiat qui.', 2, '2020-02-16 03:50:11', '2020-02-16 03:50:11'),
(35, 31, 'Talon Spinka', 'Omnis voluptatem deleniti laboriosam et ut culpa delectus. Velit ipsum consequatur eius sint recusandae quis recusandae. Explicabo reiciendis nobis quae rem molestiae doloremque sed in. Dicta ut sed et aut ratione.', 0, '2020-02-16 03:50:11', '2020-02-16 03:50:11'),
(36, 11, 'Consuelo Fay V', 'Fugit doloremque sint doloribus eaque dignissimos nisi in. Dolorem libero quia qui eum. Facere voluptatem aut dolorem est. Non qui ipsam animi tenetur perspiciatis dolor magni.', 4, '2020-02-16 03:50:11', '2020-02-16 03:50:11'),
(37, 29, 'Maryse Casper', 'Optio autem sint quas nobis qui facilis modi. Assumenda aut labore quo molestiae accusamus impedit. Aliquam sunt aliquam voluptatibus et ut. Sapiente doloremque sed doloremque porro in. Rerum vitae aut labore consectetur quisquam quasi.', 4, '2020-02-16 03:50:11', '2020-02-16 03:50:11'),
(38, 44, 'Mattie Gaylord', 'Rerum quod alias iusto officia eveniet. Eos quia earum impedit. Vero sint ducimus et omnis. Aut harum suscipit et omnis vel. Sit libero velit laudantium sequi sed rerum.', 4, '2020-02-16 03:50:11', '2020-02-16 03:50:11'),
(39, 49, 'Elvie Leuschke', 'Deserunt iure cum deleniti eum totam et consequuntur. Qui qui voluptas omnis cum nemo. Suscipit fugiat labore numquam voluptatem quia quo delectus.', 2, '2020-02-16 03:50:11', '2020-02-16 03:50:11'),
(40, 31, 'Miss Cheyenne Goyette Sr.', 'Molestiae non optio eum dolor ut eius cupiditate. Et beatae atque et velit ut voluptatem. Voluptate ab exercitationem soluta laudantium harum iste ullam voluptas.', 5, '2020-02-16 03:50:11', '2020-02-16 03:50:11'),
(41, 13, 'Deborah Grimes', 'Suscipit id dolorem ut quia consequatur illum doloremque ut. Quam et est facere modi aut qui dolor. Deserunt ut commodi doloremque quas culpa.', 4, '2020-02-16 03:50:11', '2020-02-16 03:50:11'),
(42, 3, 'Alycia Howell IV', 'Veniam voluptatem reprehenderit sint rem numquam impedit placeat. Accusamus omnis praesentium corrupti soluta ut enim sed. Dolor veniam consequatur consequuntur iste. Consequatur fuga et praesentium blanditiis.', 3, '2020-02-16 03:50:11', '2020-02-16 03:50:11'),
(43, 19, 'Albertha Russel', 'Dignissimos similique velit perspiciatis quia cumque. Dolorem maiores earum perspiciatis officiis. Omnis omnis quo ipsum cupiditate. Fugiat accusamus delectus voluptates eos ratione minus vel.', 0, '2020-02-16 03:50:11', '2020-02-16 03:50:11'),
(44, 16, 'Michale Zboncak', 'Ipsum omnis sit aut veritatis quibusdam quis. Tenetur autem iste error deleniti natus assumenda consequatur. Blanditiis culpa corporis est autem aperiam et.', 2, '2020-02-16 03:50:11', '2020-02-16 03:50:11'),
(45, 32, 'Gerry Blanda', 'Aperiam rerum id autem nihil. Culpa sunt ipsam veritatis corporis ut tenetur ipsam. Dolore dolores facere voluptatem architecto sint non. Hic tempora officiis dolor magnam rerum.', 5, '2020-02-16 03:50:11', '2020-02-16 03:50:11'),
(46, 43, 'Elbert Hansen', 'Non veniam cupiditate iure deleniti accusamus in temporibus. Earum excepturi corporis fuga quis. Minus delectus cum voluptatem enim culpa vero accusantium.', 2, '2020-02-16 03:50:11', '2020-02-16 03:50:11'),
(47, 15, 'Dr. Rita Ratke V', 'Aut ea modi omnis. Quia sed quasi temporibus provident temporibus provident et. Consequatur soluta error voluptatem.', 4, '2020-02-16 03:50:11', '2020-02-16 03:50:11'),
(48, 19, 'Felipe Heathcote', 'Alias rerum beatae sed eveniet et cumque. Repellendus ea molestiae ut tenetur autem dignissimos repudiandae nam. Blanditiis quia quasi iusto nobis aperiam. Est accusamus incidunt expedita non rerum est suscipit.', 1, '2020-02-16 03:50:11', '2020-02-16 03:50:11'),
(49, 25, 'Mekhi Anderson', 'Cum earum voluptas maxime consequatur aut. Error officiis est et aut beatae minima. Delectus et sint non.', 1, '2020-02-16 03:50:11', '2020-02-16 03:50:11'),
(50, 26, 'Yasmine Schaefer', 'Iure sit sit magni alias molestiae quisquam. Atque vero eos sunt non eaque nihil. Possimus porro et laboriosam repellendus molestiae ut hic.', 2, '2020-02-16 03:50:11', '2020-02-16 03:50:11'),
(51, 22, 'Syble Stracke', 'Temporibus est deserunt et iste. Nisi nostrum dolorem magnam et incidunt fugit molestiae amet. Quae sunt ad ex aut quia dignissimos. Ut ducimus et occaecati quae laudantium reiciendis.', 4, '2020-02-16 03:50:11', '2020-02-16 03:50:11'),
(52, 3, 'Aiden West', 'Beatae quisquam exercitationem veniam dolore deserunt. Ad voluptatem et consequatur aut culpa. Libero veritatis id dolore qui illo eum iure. Amet molestiae et et doloremque.', 1, '2020-02-16 03:50:11', '2020-02-16 03:50:11'),
(53, 26, 'Yesenia Cormier', 'Exercitationem illo aspernatur doloremque ex minus. Excepturi eum sed deserunt placeat odit. Dolorem illum et minima eveniet ut ipsum impedit.', 1, '2020-02-16 03:50:11', '2020-02-16 03:50:11'),
(54, 31, 'Dr. Lizeth Johnson I', 'Odit quis fuga sed quas dolores. Illo aut accusamus asperiores. Veniam occaecati cumque magnam et earum. Sequi quae inventore sit nobis. Nihil illum debitis pariatur.', 3, '2020-02-16 03:50:11', '2020-02-16 03:50:11'),
(55, 47, 'Prof. Olen Kling I', 'Est numquam quod est et iure cum. Optio neque tenetur iusto voluptatum. Qui fugiat delectus debitis non et.', 5, '2020-02-16 03:50:11', '2020-02-16 03:50:11'),
(56, 23, 'Estefania Keebler', 'Voluptate nostrum dolor ea et animi. Officiis excepturi nemo eum deserunt amet sunt. Vero modi dolorum praesentium a sint quasi qui. Ut consequatur unde cupiditate et officia in. Explicabo ut voluptatem repudiandae.', 1, '2020-02-16 03:50:11', '2020-02-16 03:50:11'),
(57, 48, 'Tyson Torphy', 'Alias ut deleniti impedit voluptas beatae. Incidunt iusto sint esse dolores placeat debitis. Est omnis et mollitia nesciunt vel magnam rerum. Porro et accusamus dicta neque quis excepturi temporibus. Dolor accusamus quia recusandae non quo.', 0, '2020-02-16 03:50:11', '2020-02-16 03:50:11'),
(58, 2, 'Quinn Jacobson', 'Veniam iste sapiente odit numquam voluptatem. Et dolorem aliquid magnam porro. Nulla distinctio dolore eos ut.', 3, '2020-02-16 03:50:11', '2020-02-16 03:50:11'),
(59, 36, 'Dr. Otto Hyatt PhD', 'Voluptatum adipisci iure itaque est. Rerum eos molestiae cupiditate et.', 2, '2020-02-16 03:50:11', '2020-02-16 03:50:11'),
(60, 22, 'Leonel Koepp PhD', 'Assumenda earum qui consequatur consequatur maxime. Ea laborum eum ut quam dolores debitis. Veniam eaque id ut sint ipsa officiis voluptatem.', 4, '2020-02-16 03:50:11', '2020-02-16 03:50:11'),
(61, 13, 'Kellie Stamm', 'Qui nihil porro enim qui. Enim voluptatibus eveniet qui sit provident ipsam. Doloremque quia et ut ullam.', 2, '2020-02-16 03:50:11', '2020-02-16 03:50:11'),
(62, 8, 'Gay Grady', 'Dolor consequatur laboriosam ab minus totam quia eos. Qui eaque error velit asperiores. Occaecati unde delectus corporis. Impedit aut voluptatem tenetur cumque numquam nam. Libero pariatur quo qui neque.', 3, '2020-02-16 03:50:11', '2020-02-16 03:50:11'),
(63, 4, 'Garrick Schoen', 'Occaecati ullam nesciunt ut dolorum aut sapiente sunt. Aperiam sed et nulla aut.', 1, '2020-02-16 03:50:11', '2020-02-16 03:50:11'),
(64, 17, 'Mrs. Maida Cummings I', 'Et consequatur sint quam vel ipsa. Est fugiat repellendus illo explicabo debitis iure eum. Sed tenetur deleniti quod cumque consequatur rerum ipsa.', 4, '2020-02-16 03:50:11', '2020-02-16 03:50:11'),
(65, 39, 'Prof. Dannie Larkin DVM', 'Quis distinctio amet ut quisquam consectetur. Doloremque suscipit occaecati sit. Quibusdam repellendus assumenda omnis doloremque. Odit voluptatem est nemo dolorem et suscipit.', 3, '2020-02-16 03:50:11', '2020-02-16 03:50:11'),
(66, 10, 'Anna Abernathy', 'Perspiciatis qui qui et repellendus. Veritatis porro consequatur nam. Non placeat atque autem odit deleniti reprehenderit odio. Est sit impedit molestiae omnis labore.', 3, '2020-02-16 03:50:11', '2020-02-16 03:50:11'),
(67, 34, 'Pamela Gerhold', 'Sit dolores nostrum dolorem voluptatem placeat quasi ullam. Pariatur in corrupti sed tempore earum maxime. Veniam illo adipisci et eius aut voluptatem quo.', 2, '2020-02-16 03:50:11', '2020-02-16 03:50:11'),
(68, 19, 'Rosanna Ryan III', 'Nobis voluptas ab tempora perspiciatis. Corrupti iusto suscipit iure enim dolor. Ea magni aperiam repellendus modi atque quo veniam. Quaerat ipsam qui voluptatum sed consequuntur accusamus.', 3, '2020-02-16 03:50:11', '2020-02-16 03:50:11'),
(69, 30, 'Ms. Iliana Reichel', 'Cumque provident impedit doloremque voluptas quam est est sequi. Doloremque eligendi in inventore ea enim. Qui velit earum qui consequuntur consequatur optio corporis nobis.', 1, '2020-02-16 03:50:11', '2020-02-16 03:50:11'),
(70, 2, 'Prof. Laisha Rutherford DVM', 'Ut dolor placeat amet inventore vel. Facilis sunt qui earum accusamus quia nulla. Quod ut totam consequatur praesentium enim.', 2, '2020-02-16 03:50:11', '2020-02-16 03:50:11'),
(71, 42, 'Mrs. Reta Hintz', 'Ea beatae eum omnis omnis deserunt aut. Omnis voluptatem quibusdam nostrum.', 0, '2020-02-16 03:50:11', '2020-02-16 03:50:11'),
(72, 46, 'Colin Breitenberg', 'Corrupti vel dignissimos voluptas asperiores placeat. Ut voluptatem dolor nesciunt qui quos ad qui. Vitae velit consequatur perspiciatis eos. Quod illo odit et iusto est eos quas minus.', 3, '2020-02-16 03:50:11', '2020-02-16 03:50:11'),
(73, 30, 'Caden Hessel', 'Tempore rerum doloremque veritatis velit eligendi sit iusto. Quos laudantium vel tempore incidunt assumenda et. Debitis cumque qui voluptas sed consectetur aliquid. Ut repellat et odit. Cupiditate vel delectus iure eveniet sapiente modi aut.', 3, '2020-02-16 03:50:11', '2020-02-16 03:50:11'),
(74, 3, 'Devin Corkery', 'Omnis recusandae nesciunt hic et vero laudantium. Nam asperiores natus sequi cumque sed. Quas molestiae asperiores et quo quis ut. Praesentium deleniti consequatur eos expedita.', 4, '2020-02-16 03:50:11', '2020-02-16 03:50:11'),
(75, 31, 'Faustino Trantow', 'Et enim doloribus eaque voluptates. Ea ut earum placeat quod eos quasi accusamus. Et aut adipisci expedita tempore aspernatur sint cupiditate. Harum blanditiis mollitia incidunt sit et repellat odit.', 1, '2020-02-16 03:50:11', '2020-02-16 03:50:11'),
(76, 4, 'Taylor Terry', 'Id corrupti est debitis reprehenderit. Quos quo fugit distinctio sed magnam. Voluptatem modi mollitia sunt ut porro esse consequatur.', 2, '2020-02-16 03:50:11', '2020-02-16 03:50:11'),
(77, 23, 'Prof. Ashleigh Deckow', 'Magni dolorum quia quia vero facilis aut. Neque ex modi aut mollitia porro laborum. Itaque eos eaque labore. Corrupti reprehenderit magni quam molestiae et autem in nam.', 4, '2020-02-16 03:50:11', '2020-02-16 03:50:11'),
(78, 45, 'Candice Weber I', 'Ut aut eos sit. Ex in adipisci omnis dignissimos modi rerum quia. Magnam rerum inventore assumenda in consequuntur tenetur sed. Eaque perferendis reprehenderit voluptatem qui voluptatem.', 0, '2020-02-16 03:50:11', '2020-02-16 03:50:11'),
(79, 19, 'Stella Metz', 'Debitis perspiciatis dolore tenetur dignissimos. Iste vitae libero et officiis adipisci. Placeat quam qui velit tempora magni ullam.', 0, '2020-02-16 03:50:11', '2020-02-16 03:50:11'),
(80, 33, 'Alvena Frami', 'Incidunt fugiat qui sapiente beatae eveniet natus. Non soluta quis eos quibusdam eveniet. Nihil quos at aut et.', 0, '2020-02-16 03:50:11', '2020-02-16 03:50:11'),
(81, 12, 'Lucius Brakus', 'Eum quidem est est quis quis consequatur. Fugiat repellendus vitae ratione qui eum. Quia culpa et voluptatum itaque asperiores voluptatum possimus.', 2, '2020-02-16 03:50:11', '2020-02-16 03:50:11'),
(82, 10, 'Leonard Jast', 'Doloribus aut et aut doloremque quia ducimus non. At nihil non eveniet est aperiam est nihil aut. Ut mollitia id harum est nihil nihil.', 0, '2020-02-16 03:50:11', '2020-02-16 03:50:11'),
(83, 48, 'Willa Dickens', 'Non velit sit aliquid natus incidunt occaecati. Incidunt quo dolorem non voluptatibus adipisci vel. Molestiae modi in doloremque nisi cum ipsa architecto.', 0, '2020-02-16 03:50:11', '2020-02-16 03:50:11'),
(84, 42, 'Ms. Micaela Stehr', 'Eum ullam quos cupiditate dolores maiores officia. Et perferendis consequatur consequuntur sapiente. Necessitatibus excepturi impedit minima vero non deserunt. Dolor non sunt inventore ullam reprehenderit laboriosam.', 4, '2020-02-16 03:50:11', '2020-02-16 03:50:11'),
(85, 7, 'Emile Okuneva', 'Voluptatem aperiam nisi et quisquam ex. Quam et eos qui ut vel enim. Omnis inventore et excepturi et et quia. Qui fuga rem blanditiis temporibus ut ut quas sint.', 3, '2020-02-16 03:50:11', '2020-02-16 03:50:11'),
(86, 23, 'Milford Brakus', 'Molestiae autem eos ut qui rem mollitia autem est. Atque alias tenetur enim impedit. Et debitis id ipsa sed.', 4, '2020-02-16 03:50:11', '2020-02-16 03:50:11'),
(87, 50, 'Kole Wisoky', 'Voluptatibus eum nam recusandae saepe dicta expedita magni. Nihil consequatur in atque accusantium. Animi facilis et tempore at delectus odio sint quia. Dolorum fuga et laudantium minus quaerat in.', 4, '2020-02-16 03:50:11', '2020-02-16 03:50:11'),
(88, 25, 'Terrence Grimes', 'Quod qui sit praesentium nulla illo corporis iusto. Nihil esse porro laudantium. Fugiat blanditiis vel quo illum eum commodi corrupti.', 5, '2020-02-16 03:50:11', '2020-02-16 03:50:11'),
(89, 34, 'Prof. Jaylan Paucek III', 'Neque non delectus odio atque. Et atque deserunt ea accusantium et suscipit. Et suscipit nemo mollitia repudiandae laboriosam ea ea totam.', 4, '2020-02-16 03:50:11', '2020-02-16 03:50:11'),
(90, 43, 'Dr. Lily Lindgren DVM', 'Exercitationem ut et consequatur explicabo. Dolor accusamus molestias sed dolorem qui. Dignissimos a optio minus esse sed vel.', 5, '2020-02-16 03:50:11', '2020-02-16 03:50:11'),
(91, 42, 'Zella Bergstrom V', 'Dolor quisquam asperiores alias ut. Quos in quo vitae cum. Vel temporibus nesciunt qui mollitia aliquam sit illo. Autem veniam ea nemo soluta.', 4, '2020-02-16 03:50:11', '2020-02-16 03:50:11'),
(92, 6, 'Caroline McCullough DDS', 'Corporis nostrum rerum quis hic. Tenetur odio sed dolor. Omnis dignissimos doloribus ex quisquam iste explicabo. Et maxime ut sunt omnis veritatis omnis.', 3, '2020-02-16 03:50:11', '2020-02-16 03:50:11'),
(93, 18, 'Ms. Libby Kemmer DDS', 'Sed sit eligendi minima laudantium est quia. Repellendus sequi impedit repudiandae eius qui modi. Fuga ut ea quo qui.', 3, '2020-02-16 03:50:11', '2020-02-16 03:50:11'),
(94, 4, 'Mr. Angelo Hegmann Jr.', 'Voluptas asperiores harum dignissimos. Voluptatem et consequatur tempore consequatur. Natus voluptatem labore autem earum velit id.', 0, '2020-02-16 03:50:11', '2020-02-16 03:50:11'),
(95, 11, 'Carmella Collins III', 'Porro qui aliquid aut odit omnis in. Aut quae ab consequatur aut. Eos velit hic ut aliquam inventore et rem. Amet corrupti numquam dignissimos repellendus asperiores.', 5, '2020-02-16 03:50:11', '2020-02-16 03:50:11'),
(96, 2, 'Brice Jast', 'Corporis et nisi asperiores quas. Consequuntur quasi quas molestiae dolore a. Occaecati ut sed sit aut. Eos delectus nesciunt quis tenetur illum.', 0, '2020-02-16 03:50:11', '2020-02-16 03:50:11'),
(97, 33, 'Marco Zboncak', 'Quidem magni reiciendis et asperiores velit. Perferendis odio fugiat sunt molestiae eum nulla in praesentium. Et aut omnis recusandae odit modi delectus hic ut. Odio illo ex corrupti dolores dolor non.', 3, '2020-02-16 03:50:11', '2020-02-16 03:50:11'),
(98, 36, 'Prof. Ariel Roob Sr.', 'Culpa inventore libero eaque itaque doloremque pariatur velit. Vel accusamus sit sunt minus nemo aut rerum. Et rem dignissimos qui at omnis architecto sapiente molestiae. Laudantium rerum nisi debitis labore.', 4, '2020-02-16 03:50:11', '2020-02-16 03:50:11'),
(99, 14, 'Reese Schuppe', 'Et perspiciatis maiores nihil dolorum ipsa doloribus eos. Maiores dignissimos non fuga exercitationem. Quasi sunt dignissimos nihil eum consequatur.', 5, '2020-02-16 03:50:11', '2020-02-16 03:50:11'),
(100, 34, 'Felton Friesen', 'Alias omnis suscipit facere expedita. Modi vero voluptas aliquam et consequuntur. Ut eveniet maiores dolores facilis pariatur omnis veritatis.', 5, '2020-02-16 03:50:11', '2020-02-16 03:50:11'),
(101, 18, 'Ansel Gislason', 'Vero cumque rerum voluptatem doloribus aliquid quidem eos. Non inventore rerum in. Corrupti illo doloremque aperiam rerum autem repellendus iste.', 3, '2020-02-16 03:50:11', '2020-02-16 03:50:11'),
(102, 11, 'Mr. Geovany Cruickshank II', 'Voluptatem illo optio eligendi odio. Enim dolorum et porro aliquid suscipit officia dignissimos. Eveniet eius magni cupiditate. Odit est iusto nesciunt sed rerum fugit.', 4, '2020-02-16 03:50:11', '2020-02-16 03:50:11'),
(103, 6, 'Aiden Jast V', 'Repellat consequatur praesentium rerum fugit autem quia adipisci. Et incidunt perspiciatis vitae non. Numquam dignissimos doloribus mollitia.', 1, '2020-02-16 03:50:11', '2020-02-16 03:50:11'),
(104, 2, 'Mrs. Kiarra O\'Conner PhD', 'Molestiae dolores ratione rerum illo vel. Optio cupiditate illum ut eligendi. Aperiam sapiente quam eveniet qui eligendi quia sequi consequatur.', 2, '2020-02-16 03:50:11', '2020-02-16 03:50:11'),
(105, 14, 'Kamille O\'Hara MD', 'Quia non et dignissimos. Laborum nisi vero similique quos facere sed. Nesciunt illum eaque eos voluptatum.', 1, '2020-02-16 03:50:11', '2020-02-16 03:50:11'),
(106, 30, 'Leslie Swaniawski', 'Eos molestiae nobis laborum. Iure occaecati suscipit minus aliquid. Sed omnis et ipsa autem error sed.', 5, '2020-02-16 03:50:11', '2020-02-16 03:50:11'),
(107, 4, 'Prof. Haskell Schaefer', 'Dicta quam quibusdam sunt voluptatibus optio mollitia. Ratione dicta et voluptatem et reprehenderit. Vel magnam hic molestias ad nam. Autem necessitatibus non iste quaerat nam quas rerum.', 4, '2020-02-16 03:50:11', '2020-02-16 03:50:11'),
(108, 5, 'Gabrielle Koepp Jr.', 'Voluptate molestiae sit voluptatem est facere iste. Accusamus sed qui et aspernatur harum aliquam sint. Cumque culpa pariatur tempora.', 4, '2020-02-16 03:50:11', '2020-02-16 03:50:11'),
(109, 10, 'Buck Cruickshank', 'Et sunt quas neque nisi voluptas doloremque ea earum. Voluptas eos ipsum nam voluptatum eligendi qui eum. Quo provident dolores pariatur. Officia quod quia dolor veritatis.', 4, '2020-02-16 03:50:11', '2020-02-16 03:50:11'),
(110, 28, 'Ms. Meta Beatty', 'Assumenda fuga enim earum. Aut nesciunt magnam voluptatem. Aspernatur harum ea non cum. Voluptas non non autem.', 5, '2020-02-16 03:50:11', '2020-02-16 03:50:11'),
(111, 36, 'Jose Hessel IV', 'Quo omnis incidunt commodi placeat est. Rerum eligendi aut repellendus. Quae ipsam odit harum natus sunt aliquam. Quas modi natus sit ut sit. Maiores quasi non assumenda aut sunt est.', 2, '2020-02-16 03:50:11', '2020-02-16 03:50:11'),
(112, 48, 'Miss River Hermann', 'Magni enim consequatur voluptatum ut praesentium voluptatem omnis. Voluptatem dolor aut accusamus est veritatis atque.', 2, '2020-02-16 03:50:11', '2020-02-16 03:50:11'),
(113, 28, 'Dustin Hettinger', 'Quasi officia consequatur ducimus dignissimos. Veritatis dicta aut quia est voluptatem. Doloribus id quaerat non.', 0, '2020-02-16 03:50:11', '2020-02-16 03:50:11'),
(114, 19, 'Brooke Bode', 'Debitis velit eligendi minima repudiandae quos repudiandae aliquid. Voluptatem quo voluptas architecto nostrum deleniti repellendus. Omnis ducimus at inventore autem.', 5, '2020-02-16 03:50:11', '2020-02-16 03:50:11'),
(115, 16, 'Hallie Gutkowski', 'Laboriosam nihil est et molestiae. Quia quam aut illo quo dolore ut. Expedita quia ea odio a autem rerum et voluptatem. Consequatur dolor voluptas soluta magnam eligendi quaerat autem.', 0, '2020-02-16 03:50:11', '2020-02-16 03:50:11'),
(116, 24, 'Prof. Cloyd Lakin DVM', 'Nobis iure eos accusamus consequatur enim qui voluptatem perferendis. Eum enim ut minus ex. Molestiae totam illum dignissimos voluptates omnis possimus sed. Saepe neque qui consequatur ex qui.', 1, '2020-02-16 03:50:11', '2020-02-16 03:50:11'),
(117, 31, 'Gennaro Dicki', 'Et aut cum reiciendis eligendi voluptas ut et. Aut sapiente et magni veniam ut sit.', 0, '2020-02-16 03:50:11', '2020-02-16 03:50:11'),
(118, 8, 'Roosevelt Nienow', 'Totam nihil est molestiae nisi sed voluptas fugiat. Laudantium explicabo dolores id. Voluptatum adipisci ut illum. Deleniti alias ut asperiores non velit ut.', 4, '2020-02-16 03:50:11', '2020-02-16 03:50:11'),
(119, 49, 'Monserrate Donnelly', 'Est neque et magni ut aliquam. Delectus excepturi sunt assumenda autem amet nostrum non. Rem similique praesentium doloremque tenetur. Nihil temporibus et officiis ad qui consectetur iste.', 5, '2020-02-16 03:50:11', '2020-02-16 03:50:11'),
(120, 46, 'Prof. Colin Hessel', 'Dolore quibusdam earum est aut est qui. Et architecto quos voluptatibus eum qui quod. Rem numquam eum atque minus. Et totam debitis facilis repudiandae at.', 4, '2020-02-16 03:50:11', '2020-02-16 03:50:11'),
(121, 50, 'David Friesen', 'Rerum labore fugit sit alias eos. Nam quo possimus recusandae sed dolorem. Repellat aut repellendus saepe quod corporis.', 4, '2020-02-16 03:50:11', '2020-02-16 03:50:11'),
(122, 25, 'Dr. Autumn Schroeder', 'Sed fugiat ipsam unde sapiente. Reprehenderit libero molestiae vel molestiae. Quisquam aliquid excepturi nisi. Magni voluptas consequatur et minus.', 4, '2020-02-16 03:50:11', '2020-02-16 03:50:11'),
(123, 44, 'Myrtice Rogahn', 'Magni est suscipit non. Repellat occaecati natus explicabo. Dolorem magnam ut dolorem ut harum nobis sint. Qui voluptas asperiores vel et.', 4, '2020-02-16 03:50:11', '2020-02-16 03:50:11'),
(124, 11, 'Mrs. Claire Carter', 'Alias commodi ipsam eum aut fugiat. Doloribus vero nostrum ratione et. Nisi cupiditate corrupti similique ab mollitia ex dolor. Exercitationem officia dolorem a est enim odit.', 5, '2020-02-16 03:50:11', '2020-02-16 03:50:11'),
(125, 15, 'Ms. Shaniya Sawayn', 'Est ipsum eligendi aut rerum. Est voluptas sed fuga error.', 4, '2020-02-16 03:50:11', '2020-02-16 03:50:11'),
(126, 1, 'Mrs. Maryam Schoen', 'Itaque corporis velit voluptatem id a. In itaque doloremque ea et. Quibusdam autem facere porro rerum omnis deserunt. Reprehenderit id suscipit rerum laboriosam voluptas ut rerum.', 5, '2020-02-16 03:50:11', '2020-02-16 03:50:11'),
(127, 45, 'Nicklaus O\'Conner', 'Quis ipsum dignissimos et aut. Voluptates sed autem exercitationem consequatur. Magni laboriosam officiis et at. Sed eveniet maiores id magnam ipsum temporibus.', 2, '2020-02-16 03:50:11', '2020-02-16 03:50:11'),
(128, 12, 'Prof. Savanah Baumbach II', 'Sed et numquam nisi quis ab quo. Suscipit enim tempore nobis fugit. Et molestiae iure facilis ex quibusdam nemo unde est.', 3, '2020-02-16 03:50:11', '2020-02-16 03:50:11'),
(129, 36, 'Alyce Gaylord Jr.', 'Ad dolor quia ad fugit. Nihil fugit iure quas eum eos odio. Ducimus dignissimos dolor beatae voluptas.', 2, '2020-02-16 03:50:11', '2020-02-16 03:50:11'),
(130, 24, 'Karlee Davis', 'Id non sit qui corporis aspernatur accusamus suscipit similique. Non consequatur dolores aut iusto. Laboriosam totam quis officia ab.', 5, '2020-02-16 03:50:11', '2020-02-16 03:50:11'),
(131, 14, 'Isabelle Sauer III', 'Incidunt nemo voluptatum repellendus. Repellat et voluptas reiciendis enim libero est.', 2, '2020-02-16 03:50:11', '2020-02-16 03:50:11'),
(132, 47, 'Jarret Simonis', 'Delectus a est saepe magni et. Ratione excepturi ratione quod voluptas pariatur. Ea temporibus dolorem nostrum expedita id rem corrupti.', 2, '2020-02-16 03:50:11', '2020-02-16 03:50:11'),
(133, 44, 'Roberta Hessel IV', 'Expedita error ea quia rerum ut et. Laboriosam excepturi velit tempora ipsa fugit sit vel sunt. Minus consequatur quibusdam adipisci quo et eos accusamus.', 1, '2020-02-16 03:50:11', '2020-02-16 03:50:11'),
(134, 19, 'Casimer Dietrich', 'Recusandae reiciendis voluptas ea omnis vero qui. Sapiente quibusdam provident quidem quaerat. Quas odit et consequatur ut maxime maxime. Officia ut nesciunt quod magni deserunt voluptatem.', 2, '2020-02-16 03:50:11', '2020-02-16 03:50:11'),
(135, 40, 'Mrs. Mossie Rodriguez', 'Sequi omnis nam totam beatae sint nihil. Et velit quaerat sint vitae et. Esse ducimus vero ipsa voluptatem nesciunt aut. Voluptas consequatur magnam eos amet dolores et necessitatibus.', 0, '2020-02-16 03:50:11', '2020-02-16 03:50:11'),
(136, 15, 'Mr. Lonnie Johnson Sr.', 'Assumenda voluptas sequi est sit aliquid est voluptas. Praesentium consequatur blanditiis quia sit.', 2, '2020-02-16 03:50:11', '2020-02-16 03:50:11'),
(137, 18, 'Renee Mante', 'Amet pariatur ea ipsam dignissimos. Et nihil sit dolorem est autem ipsa qui ullam. Qui at dignissimos est earum. Explicabo quam qui voluptatem consequatur consequatur quae. Veniam voluptates architecto aut optio velit dolore est.', 2, '2020-02-16 03:50:11', '2020-02-16 03:50:11'),
(138, 41, 'Chad Hilpert', 'Molestiae ratione rerum magni dolorum id voluptas quidem. Et velit suscipit ipsum aut. Delectus omnis vel suscipit. Velit reprehenderit asperiores magni ea expedita impedit explicabo quas.', 4, '2020-02-16 03:50:11', '2020-02-16 03:50:11'),
(139, 44, 'Dr. Yoshiko Hansen PhD', 'Possimus vitae fuga neque facilis voluptate. Mollitia rerum vero deleniti fuga qui voluptatem. Alias quae aut consequatur amet et in. Aut quos impedit distinctio rerum quae.', 2, '2020-02-16 03:50:11', '2020-02-16 03:50:11'),
(140, 3, 'Norma Mueller', 'Ea consequatur esse quae voluptatem eos id. Illo maxime quia quia dolorem. Impedit blanditiis blanditiis repellendus unde perferendis.', 0, '2020-02-16 03:50:11', '2020-02-16 03:50:11'),
(141, 12, 'Hassie Pagac', 'Illo sed ad omnis magni nihil. Distinctio voluptatem ut illum perspiciatis nesciunt dolorem impedit debitis. Possimus nihil qui minus voluptatem. Animi et quae quis quo.', 4, '2020-02-16 03:50:11', '2020-02-16 03:50:11'),
(142, 41, 'Nia Bosco', 'Esse voluptate quo eius nihil et. Quo deserunt at eveniet eum commodi. Et quia eos dolorem pariatur impedit quia illo.', 4, '2020-02-16 03:50:11', '2020-02-16 03:50:11'),
(143, 46, 'Mr. Ariel Metz', 'Beatae eius impedit totam enim odit repudiandae quis. Laudantium similique excepturi ut fugiat tenetur qui. Sit qui numquam architecto enim voluptas ea dignissimos. Ut assumenda optio ducimus omnis.', 1, '2020-02-16 03:50:11', '2020-02-16 03:50:11'),
(144, 48, 'Dewitt Streich', 'Cumque occaecati et minus. Quibusdam et sed omnis asperiores voluptates non. Repellendus voluptate aut rerum iusto voluptatem. Dicta eius aperiam nihil officiis consequatur laborum.', 0, '2020-02-16 03:50:11', '2020-02-16 03:50:11'),
(145, 20, 'Camden Ortiz', 'Ut est ex libero fuga ratione dolor quod. Facere expedita quia sapiente architecto tempore quibusdam. Omnis sequi quia assumenda.', 5, '2020-02-16 03:50:11', '2020-02-16 03:50:11'),
(146, 21, 'Mr. Ricardo Mosciski', 'Ex distinctio dolor eum et modi explicabo placeat. Ut aut earum provident velit. Ut natus occaecati excepturi sit commodi. Aliquam et ut assumenda.', 4, '2020-02-16 03:50:11', '2020-02-16 03:50:11'),
(147, 5, 'Daren Haley', 'Quia qui sed provident harum occaecati voluptates in quia. Dolores qui pariatur exercitationem doloribus. Et hic natus aut adipisci assumenda. Voluptatem et itaque non eveniet ut quas porro.', 1, '2020-02-16 03:50:11', '2020-02-16 03:50:11'),
(148, 23, 'Emmanuel Quigley', 'Minus eligendi maxime qui neque soluta. Totam animi necessitatibus velit voluptatibus suscipit. Sequi soluta quia doloribus non autem expedita.', 5, '2020-02-16 03:50:11', '2020-02-16 03:50:11'),
(149, 33, 'Josianne Ledner', 'Provident hic tempora impedit ut. Quibusdam ipsa dolorem vel sapiente aliquam consequatur. Iste sunt sed est adipisci ipsum quia blanditiis. Eum sapiente et quibusdam voluptatem iusto.', 1, '2020-02-16 03:50:11', '2020-02-16 03:50:11'),
(150, 19, 'Terrence Legros', 'Nihil tempore similique nulla dicta necessitatibus hic ut. Qui qui esse ipsa incidunt repudiandae perferendis. Omnis qui ratione id dicta hic maxime molestiae. Occaecati et assumenda natus eaque.', 5, '2020-02-16 03:50:11', '2020-02-16 03:50:11'),
(151, 19, 'Ms. Camila Wunsch Jr.', 'Sed id ex consequuntur consectetur dicta nihil atque. Tenetur omnis libero distinctio fugit placeat numquam. Iste quaerat dolor autem commodi.', 2, '2020-02-16 03:50:11', '2020-02-16 03:50:11'),
(152, 35, 'Prof. Collin Howell III', 'Laborum aut voluptatem alias dolor accusamus ea dolore. Nihil commodi quo atque illo iste. Voluptatem quod eum laborum deleniti aut ea nulla. Nostrum voluptatem voluptatem non ut asperiores quia excepturi.', 0, '2020-02-16 03:50:11', '2020-02-16 03:50:11'),
(153, 8, 'Torrey Marvin', 'Est consequatur adipisci occaecati debitis. Cumque accusantium consectetur neque vitae deserunt. Nostrum voluptas minus est vero ad dolorem aperiam ab. Culpa illum ex soluta ut.', 1, '2020-02-16 03:50:11', '2020-02-16 03:50:11'),
(154, 31, 'Miss Nakia Schiller Sr.', 'Nam amet modi sed enim blanditiis. Eum et iusto aut est non.', 5, '2020-02-16 03:50:11', '2020-02-16 03:50:11'),
(155, 38, 'Cloyd Weimann', 'Sit dolorem qui maiores distinctio. Et quis voluptas dolorem consequuntur et illum necessitatibus. Pariatur provident atque quis est modi velit.', 5, '2020-02-16 03:50:11', '2020-02-16 03:50:11'),
(156, 33, 'Catalina Nitzsche', 'Eius alias porro in debitis architecto. Quia accusamus qui numquam nesciunt et fuga quis. Voluptas ut amet ipsam voluptatem voluptatem. Ad nobis dicta error ut quidem voluptatem qui facere. Nisi consectetur inventore eos placeat.', 2, '2020-02-16 03:50:11', '2020-02-16 03:50:11'),
(157, 1, 'Santos Miller', 'Quis qui et vel. Voluptate sed esse et suscipit ut iure cumque. Voluptatem blanditiis hic minus dolorum non. Et libero sed dolorum molestias.', 4, '2020-02-16 03:50:11', '2020-02-16 03:50:11'),
(158, 1, 'Oral Rogahn', 'Natus explicabo unde blanditiis ipsa doloribus consequatur harum aliquam. Est aliquam qui et quia sint placeat voluptatem. Voluptatem aut dolores ratione omnis recusandae impedit sequi. Facilis qui sunt libero facilis minus qui odit.', 5, '2020-02-16 03:50:11', '2020-02-16 03:50:11'),
(159, 18, 'Mrs. Amaya Harris I', 'Ullam fuga consequatur in est asperiores dolore error expedita. Error provident accusamus saepe quasi non est id. Consectetur dolore voluptas cupiditate non ex. Ea quod dignissimos asperiores exercitationem.', 5, '2020-02-16 03:50:11', '2020-02-16 03:50:11'),
(160, 37, 'Bryon Casper', 'Dolores corporis consequatur officia ut sit. Exercitationem iusto aperiam quos explicabo dolor eos. Fugit vitae dolorem sed omnis id.', 0, '2020-02-16 03:50:11', '2020-02-16 03:50:11'),
(161, 24, 'Giuseppe Corkery', 'Voluptates ab sed facere quia modi. Aspernatur fuga labore fugit qui. Libero ea cupiditate voluptatem illo et. Velit sapiente nam quaerat.', 2, '2020-02-16 03:50:11', '2020-02-16 03:50:11'),
(162, 34, 'Prof. Aurore Wiegand', 'Voluptatem qui ab qui rerum. Earum sunt et corporis laudantium soluta non et. Sequi modi asperiores unde dolor officia at et aut. Vero minus voluptatem aut hic quasi possimus officiis tempora.', 4, '2020-02-16 03:50:11', '2020-02-16 03:50:11'),
(163, 22, 'Arturo Kerluke', 'Maiores consequatur vel dolorum adipisci. Quis ullam autem omnis doloremque molestiae enim. Sed modi excepturi aut possimus.', 5, '2020-02-16 03:50:11', '2020-02-16 03:50:11'),
(164, 13, 'Prof. Kyleigh Zieme MD', 'Similique laborum totam ut. Adipisci esse ea aspernatur et.', 5, '2020-02-16 03:50:11', '2020-02-16 03:50:11'),
(165, 35, 'Dereck McGlynn', 'Fugiat dolorem quia non doloribus doloribus tenetur dicta. In eos quibusdam cum consequuntur eius. Autem harum unde molestias et corporis. Officia nobis modi aut eius voluptatibus autem est.', 5, '2020-02-16 03:50:11', '2020-02-16 03:50:11'),
(166, 42, 'Dr. Marcellus Jacobs', 'Recusandae qui autem quidem placeat tempora. Omnis doloribus voluptatibus consequuntur ea. Dolores illo corrupti aliquam officia minima qui.', 2, '2020-02-16 03:50:11', '2020-02-16 03:50:11'),
(167, 46, 'Sylvester Lockman V', 'Et minima tempore qui ut. Praesentium voluptas perferendis deleniti officia consequatur. Quae quibusdam dolores quam dicta inventore impedit. Rem aut qui et aut iusto velit quis eligendi.', 0, '2020-02-16 03:50:11', '2020-02-16 03:50:11'),
(168, 28, 'Hattie Hills', 'Repellendus magni consequatur et sed. Et repellat ullam repellendus necessitatibus velit eius praesentium facere. Libero distinctio magni et et cupiditate ad. Qui doloribus odit inventore laboriosam voluptatem dicta.', 4, '2020-02-16 03:50:11', '2020-02-16 03:50:11'),
(169, 8, 'Dr. Britney Johnston', 'Dignissimos dolores eos voluptatum. Ex voluptas neque velit quidem eveniet accusamus. Aut hic voluptatem reiciendis. Omnis cumque soluta est nihil minima nihil. Earum qui rerum tempore culpa fugiat voluptas.', 3, '2020-02-16 03:50:11', '2020-02-16 03:50:11'),
(170, 16, 'Joesph Koepp', 'Hic non quia laboriosam et accusantium blanditiis quos. Voluptatem eligendi et dolor. Error accusamus et sed nobis eligendi dicta natus. In dolores eos aut est blanditiis qui molestias.', 4, '2020-02-16 03:50:11', '2020-02-16 03:50:11'),
(171, 41, 'Miss Candida Kilback', 'Atque ex sit dolor amet. Itaque quasi et eum consequuntur.', 0, '2020-02-16 03:50:11', '2020-02-16 03:50:11'),
(172, 18, 'Suzanne Cremin', 'Autem et nesciunt error non quas. Sit dolorum ut sed libero iure enim. Iste aut sit veritatis sequi dicta quidem.', 0, '2020-02-16 03:50:11', '2020-02-16 03:50:11'),
(173, 27, 'Antonetta Rohan', 'Adipisci rerum dolor facere et saepe nam dicta. Qui nostrum dolor atque omnis iusto nam veniam. Accusantium totam excepturi numquam dolor.', 5, '2020-02-16 03:50:11', '2020-02-16 03:50:11'),
(174, 20, 'Katelynn VonRueden', 'Laborum est dolorem molestiae sequi aut ad qui. Consectetur rem quasi fugiat praesentium id voluptatem aut. Qui dolorem earum illo sapiente. Ipsum voluptas molestias eaque magni quidem quibusdam excepturi maxime.', 1, '2020-02-16 03:50:11', '2020-02-16 03:50:11'),
(175, 42, 'Brett West', 'Non voluptatem qui repellat quis consequatur. Voluptas cupiditate ea laudantium vero in magnam. Voluptate id beatae qui asperiores eius deleniti sequi aut. Sequi qui sed qui totam rerum voluptatibus suscipit.', 1, '2020-02-16 03:50:11', '2020-02-16 03:50:11'),
(176, 2, 'Shemar Hintz', 'Quia saepe id aperiam voluptas veniam. Id dolores sit ut corrupti rem quasi vel. Mollitia perferendis corporis sit sed.', 0, '2020-02-16 03:50:11', '2020-02-16 03:50:11'),
(177, 5, 'Ms. Josiane Rowe Sr.', 'Sit maiores maxime omnis necessitatibus consectetur et cum. Tempore ut repellat ipsa quia. Vero ipsa temporibus voluptate enim pariatur placeat et. Beatae architecto id nam ipsum at placeat blanditiis.', 0, '2020-02-16 03:50:11', '2020-02-16 03:50:11'),
(178, 24, 'Jalen Jacobi', 'Aut ipsa ut at quaerat eveniet doloremque repellendus. Nostrum expedita alias cum animi. A libero odio nam.', 4, '2020-02-16 03:50:11', '2020-02-16 03:50:11'),
(179, 16, 'Mr. Koby Bahringer', 'Quaerat et est velit illum numquam. Cum veritatis qui et perspiciatis. Tempore temporibus delectus delectus rerum consequuntur.', 2, '2020-02-16 03:50:11', '2020-02-16 03:50:11'),
(180, 31, 'Dr. Fernando Johnston', 'Eos officiis voluptatem saepe laudantium. Laboriosam maiores aliquid ut voluptates a quia quia autem. Nemo vel beatae molestiae voluptatibus itaque velit. Magnam aut voluptatum rerum aut qui at impedit.', 2, '2020-02-16 03:50:11', '2020-02-16 03:50:11'),
(181, 46, 'Beryl Dicki', 'Aspernatur ut rerum voluptatem sint quo quas itaque. Totam explicabo cupiditate soluta maiores vel in velit ex. Quia et vel suscipit totam enim.', 2, '2020-02-16 03:50:11', '2020-02-16 03:50:11'),
(182, 1, 'Randy Hahn', 'Est aut quisquam voluptatem consequuntur. Sunt vero occaecati modi ut ut natus enim. Harum qui labore aut voluptatibus molestiae.', 2, '2020-02-16 03:50:11', '2020-02-16 03:50:11'),
(183, 14, 'Prof. Addie Schulist DVM', 'Mollitia praesentium saepe impedit nesciunt odio. Ex sed aspernatur dicta alias et. Ducimus esse libero quod quasi.', 3, '2020-02-16 03:50:11', '2020-02-16 03:50:11'),
(184, 13, 'Prof. Brandt Bartoletti', 'Recusandae ut sunt repudiandae rerum totam est. Molestiae necessitatibus recusandae est culpa. Voluptas earum fugit minus rerum doloremque laudantium dolorem omnis.', 1, '2020-02-16 03:50:11', '2020-02-16 03:50:11'),
(185, 50, 'Dr. Cyrus Corwin', 'Rerum maiores laudantium consectetur aut inventore eum sit aliquam. Quis et distinctio dolor optio. Eos facere beatae totam aliquam sed. Corporis dolorum animi aliquam nesciunt cum.', 4, '2020-02-16 03:50:11', '2020-02-16 03:50:11'),
(186, 35, 'Naomi Schneider', 'Atque natus facilis accusamus culpa nostrum. Enim est repellendus ex quia rerum. Ea ipsam voluptatem deserunt repudiandae mollitia. Sunt ipsa tenetur praesentium sed omnis.', 1, '2020-02-16 03:50:11', '2020-02-16 03:50:11'),
(187, 10, 'Syble Murray', 'Est sapiente dicta mollitia. Possimus autem aut ut illum sed et. Unde eaque aperiam rem facere et cumque assumenda.', 3, '2020-02-16 03:50:11', '2020-02-16 03:50:11'),
(188, 35, 'Thad Wolff', 'Quas ut vero cum dicta hic dolores aut quo. Quidem rerum fugit ut expedita reiciendis voluptatem. Molestias autem suscipit culpa ut officiis distinctio. Distinctio optio quia maxime fugiat dolore molestiae inventore.', 5, '2020-02-16 03:50:11', '2020-02-16 03:50:11'),
(189, 6, 'Haskell Kohler', 'Tempore perferendis quam enim suscipit. Amet dolorum beatae est ex non.', 1, '2020-02-16 03:50:11', '2020-02-16 03:50:11'),
(190, 25, 'Kadin Weber', 'Illo officiis aut maiores est. Inventore et voluptatem quia in qui quae. Nostrum mollitia possimus in quibusdam. Dolorem rem ab corporis enim.', 0, '2020-02-16 03:50:11', '2020-02-16 03:50:11'),
(191, 39, 'Miss Lempi Wilderman', 'Libero ipsa non nesciunt sed et doloribus excepturi et. Omnis beatae sint magnam quidem officia dolorem optio corrupti. Qui est laborum vero enim quia quia repudiandae. Enim quas aut nobis est blanditiis et saepe. Nobis minus voluptatem ut architecto quia reiciendis quo.', 5, '2020-02-16 03:50:11', '2020-02-16 03:50:11'),
(192, 25, 'Joshuah Mueller DDS', 'Voluptas ut unde nihil illo aut a quis. Aut vitae eius sed aut autem voluptatem. Vero atque ratione sint voluptas.', 2, '2020-02-16 03:50:11', '2020-02-16 03:50:11'),
(193, 28, 'Patrick Feeney', 'Quam eveniet necessitatibus sed nam ut enim ducimus. Et velit eum occaecati velit consectetur incidunt. Illo sunt ut nesciunt at tempora numquam iusto.', 4, '2020-02-16 03:50:11', '2020-02-16 03:50:11'),
(194, 20, 'Opal Ledner DDS', 'Porro voluptatem deleniti eum nemo consequuntur. Ea quia fugiat nesciunt et eum aut iste.', 0, '2020-02-16 03:50:11', '2020-02-16 03:50:11'),
(195, 50, 'Winnifred Walker', 'Id molestiae dolorem ducimus quidem expedita provident. Magni quae molestiae qui veniam. Alias temporibus in commodi. Veniam recusandae et consequuntur suscipit vero sunt. Enim minus dolores ducimus voluptates.', 4, '2020-02-16 03:50:11', '2020-02-16 03:50:11'),
(196, 42, 'Mackenzie Schaefer', 'Aut laborum unde non quasi delectus. Dolor est illo eos ut. Dolores a quia non rerum quis aut dolores. Architecto asperiores delectus voluptatem dolore.', 5, '2020-02-16 03:50:11', '2020-02-16 03:50:11'),
(197, 8, 'Diana Reynolds', 'Consequuntur possimus delectus dolorem itaque dolor nemo earum. Odit iusto illum molestiae id. Voluptatem et consequuntur autem nisi totam aut. Et odit et mollitia. Sequi numquam maiores quia et sed.', 0, '2020-02-16 03:50:11', '2020-02-16 03:50:11'),
(198, 36, 'Miss Tiana Walsh IV', 'Harum est atque possimus. Facere cumque dignissimos nulla consequatur. Assumenda omnis voluptas nemo ducimus suscipit saepe. Numquam aspernatur enim occaecati ab quis nisi quaerat.', 5, '2020-02-16 03:50:11', '2020-02-16 03:50:11'),
(199, 26, 'Madie Kihn', 'Aut aut quaerat nam quas animi. Dolorem et accusantium consectetur sit nesciunt. Autem facere delectus placeat dolorem ut ea minus itaque. Unde non quisquam tempore voluptates. Alias non harum possimus perspiciatis.', 2, '2020-02-16 03:50:11', '2020-02-16 03:50:11'),
(200, 3, 'Laurie Kassulke', 'Qui suscipit soluta numquam et sint. Illum dolore et ut sit quia omnis velit. Nobis quos veritatis aliquam eos et.', 4, '2020-02-16 03:50:11', '2020-02-16 03:50:11'),
(201, 48, 'Paris Flatley', 'Et pariatur nulla et aut deleniti. Cumque facilis dolores qui error. Temporibus quidem facilis ut cupiditate.', 3, '2020-02-16 03:50:11', '2020-02-16 03:50:11'),
(202, 2, 'Lance Schowalter', 'Dolores veniam soluta autem molestias. Veniam illum odit consequatur dignissimos. Soluta sit ut doloremque quasi.', 3, '2020-02-16 03:50:11', '2020-02-16 03:50:11'),
(203, 32, 'Vella Larkin', 'Sed ipsa ut earum laboriosam magnam neque. Omnis voluptatibus labore et dolore soluta non ullam. Cupiditate eos voluptas adipisci impedit expedita. Ipsa inventore odit reprehenderit quaerat commodi sed molestiae sunt.', 5, '2020-02-16 03:50:11', '2020-02-16 03:50:11'),
(204, 50, 'Dovie Bahringer DVM', 'Odio est voluptatem sapiente enim atque sequi libero. Et occaecati hic neque accusamus tempore. Non et assumenda omnis voluptatibus eum quis. Occaecati eaque repellat non facilis labore omnis quia delectus.', 4, '2020-02-16 03:50:11', '2020-02-16 03:50:11'),
(205, 10, 'Dr. Bailey Langworth', 'Qui similique sed ipsum consectetur architecto eaque culpa. Architecto totam laboriosam assumenda autem voluptatibus illum. Animi in omnis ducimus culpa nam similique ut. Ut non modi explicabo voluptas alias ut ullam.', 3, '2020-02-16 03:50:11', '2020-02-16 03:50:11'),
(206, 32, 'Mitchell Ward', 'Alias ea magni non et et neque. Sint sit neque eveniet sapiente voluptates et. Enim quia sit omnis placeat.', 4, '2020-02-16 03:50:11', '2020-02-16 03:50:11'),
(207, 12, 'Miss Eunice Morar', 'Repellendus perferendis ut aut officiis impedit mollitia. Exercitationem quae qui deserunt voluptas dicta. Consequatur doloribus et officiis ut quas et accusantium esse. Incidunt fuga possimus molestiae. Modi enim veniam quibusdam officia.', 4, '2020-02-16 03:50:11', '2020-02-16 03:50:11'),
(208, 4, 'Janae Schuster', 'Aut et sed consequuntur repellat illum quasi itaque. Quia itaque molestias in sint sit praesentium ullam. Ut consequatur voluptatem voluptas facere atque. Qui veniam ipsam autem voluptatibus et ut hic.', 3, '2020-02-16 03:50:11', '2020-02-16 03:50:11');
INSERT INTO `reviews` (`id`, `product_id`, `customer`, `review`, `star`, `created_at`, `updated_at`) VALUES
(209, 42, 'Rowan Jacobs', 'Ea aliquam nihil mollitia omnis omnis. Odio sunt minus laudantium dolor blanditiis dolorem facilis. Qui in occaecati amet laborum dolorum molestiae.', 4, '2020-02-16 03:50:11', '2020-02-16 03:50:11'),
(210, 22, 'Claudine Metz', 'Voluptate dicta ut quidem necessitatibus dolores nihil rerum. Autem odit minus natus. Dolor et qui et qui quibusdam vitae culpa pariatur. Aut nisi consectetur architecto ea laborum architecto rerum. Sit illo et sit dolores illum.', 1, '2020-02-16 03:50:11', '2020-02-16 03:50:11'),
(211, 46, 'Jake Langosh', 'Est et nisi consequuntur non sed qui. Vel sint sint dolore iste. Praesentium consequatur hic odit consequatur aut consequatur. Quasi facere saepe ea.', 0, '2020-02-16 03:50:11', '2020-02-16 03:50:11'),
(212, 48, 'Abbigail Leuschke', 'Non officia dolores totam. Velit dicta nisi occaecati ea est. Consectetur quasi adipisci doloremque adipisci.', 4, '2020-02-16 03:50:11', '2020-02-16 03:50:11'),
(213, 18, 'Madisyn Blick', 'Sint est ut omnis veniam culpa. Possimus ad aliquid adipisci asperiores facilis exercitationem optio. Magni consectetur suscipit provident qui quis aut maiores.', 4, '2020-02-16 03:50:11', '2020-02-16 03:50:11'),
(214, 37, 'Nella Hirthe Sr.', 'Natus ipsa veniam quo beatae. Facere laborum nisi cumque minus. Dignissimos molestiae in ad est tempora.', 1, '2020-02-16 03:50:11', '2020-02-16 03:50:11'),
(215, 40, 'Patsy Hodkiewicz', 'Omnis natus suscipit ipsam veritatis non qui. Laudantium at illum dolorem nostrum id. Sequi aliquam qui cum illum.', 1, '2020-02-16 03:50:11', '2020-02-16 03:50:11'),
(216, 26, 'Oswaldo Morar', 'Ipsum aut eaque expedita itaque sed rerum qui. Ut sed explicabo esse dolorem ducimus. Molestiae consequatur mollitia doloremque sunt libero velit vitae.', 5, '2020-02-16 03:50:11', '2020-02-16 03:50:11'),
(217, 11, 'Mr. Torey Heaney Jr.', 'Ea ad iste sed a ut. Doloremque qui ducimus ut quae voluptates occaecati soluta. Consequuntur autem est dolore aut id. Qui quidem maiores libero sequi. Incidunt animi placeat quia velit.', 4, '2020-02-16 03:50:11', '2020-02-16 03:50:11'),
(218, 30, 'Candace Deckow', 'Voluptas dignissimos sed omnis ipsam quod dolore ut. Quia velit neque est non sit nam dicta. Eos exercitationem doloremque molestiae consectetur amet aliquid.', 0, '2020-02-16 03:50:11', '2020-02-16 03:50:11'),
(219, 18, 'Itzel Conroy', 'Consequatur doloribus quia deserunt aut ut aliquam assumenda. Et minus consequatur quo sunt itaque eius. Enim voluptatem aspernatur nemo omnis est assumenda atque.', 5, '2020-02-16 03:50:11', '2020-02-16 03:50:11'),
(220, 31, 'Addison Hyatt PhD', 'Qui tempora similique et reiciendis voluptas. Repudiandae qui maiores qui suscipit qui fuga. Sed nihil dignissimos qui officiis tempore eum. Ut temporibus enim sed.', 5, '2020-02-16 03:50:11', '2020-02-16 03:50:11'),
(221, 15, 'Arielle Wuckert', 'Enim cumque dolor sequi. Saepe quam cumque non ut porro ea. Aut pariatur molestiae nisi nulla quis officia et autem.', 0, '2020-02-16 03:50:11', '2020-02-16 03:50:11'),
(222, 21, 'Kayla Bayer', 'Culpa et expedita consequuntur qui porro. Sapiente dolore cupiditate earum. Sed consequuntur et perspiciatis molestias qui provident.', 5, '2020-02-16 03:50:11', '2020-02-16 03:50:11'),
(223, 46, 'Gilberto Ebert', 'Cumque culpa quibusdam distinctio ut qui praesentium et. Veniam distinctio voluptatem architecto ut. Dolores et ex odio.', 3, '2020-02-16 03:50:11', '2020-02-16 03:50:11'),
(224, 44, 'Jany Predovic', 'Et officia eveniet vitae consectetur placeat. Iure voluptas qui sit nihil. A totam molestias tenetur temporibus aliquam enim. Voluptas minus assumenda cupiditate similique aut.', 3, '2020-02-16 03:50:11', '2020-02-16 03:50:11'),
(225, 45, 'Taya Pollich', 'Reiciendis ut reiciendis ut ad deleniti. Et sed eveniet laudantium asperiores id veniam atque impedit. Consequatur quia assumenda harum nobis nisi quae qui. Maiores inventore sapiente et quia quas autem.', 1, '2020-02-16 03:50:11', '2020-02-16 03:50:11'),
(226, 38, 'Hosea Rutherford I', 'Ex earum nostrum sed maiores quo minima vel. Consequuntur voluptate inventore voluptatem. Quia magnam odit deserunt numquam nemo. Dolor ut ipsa assumenda natus in nulla.', 3, '2020-02-16 03:50:11', '2020-02-16 03:50:11'),
(227, 32, 'Ms. Reanna Jakubowski IV', 'Molestias optio aperiam eius. Dolor explicabo quia perferendis consequuntur ab adipisci aliquam. Odit fuga laboriosam eos necessitatibus. Saepe quia aut quam. Mollitia tempora voluptas rerum ex.', 5, '2020-02-16 03:50:11', '2020-02-16 03:50:11'),
(228, 17, 'Keira Wolff', 'Dolor tempore id ullam consectetur. Deserunt non dolore assumenda ut. Nam perspiciatis error enim. Incidunt magnam quia occaecati architecto.', 5, '2020-02-16 03:50:11', '2020-02-16 03:50:11'),
(229, 18, 'Ephraim Kris', 'Quibusdam sunt placeat mollitia cupiditate sit maiores. Numquam iste quasi aut molestiae. Omnis explicabo architecto earum est unde velit qui. Similique repellat et tenetur nobis ratione.', 3, '2020-02-16 03:50:11', '2020-02-16 03:50:11'),
(230, 43, 'Dr. Kaia Greenholt V', 'Voluptatem optio ipsam nemo esse. Ex eius laborum doloremque repellendus voluptas sint doloremque. Sequi magnam et non omnis provident beatae.', 5, '2020-02-16 03:50:11', '2020-02-16 03:50:11'),
(231, 15, 'Ms. Queen Gerhold', 'Placeat quidem soluta reprehenderit. Recusandae incidunt adipisci quo dolor qui saepe. Sed nisi aliquid fugiat in vitae quibusdam.', 4, '2020-02-16 03:50:11', '2020-02-16 03:50:11'),
(232, 34, 'Evie Collier', 'Quod odio expedita nemo quod. Sed possimus voluptatem sed blanditiis. Sed ullam illo aperiam enim.', 4, '2020-02-16 03:50:11', '2020-02-16 03:50:11'),
(233, 30, 'Dr. Jameson Skiles III', 'Recusandae maxime aut dolorem dignissimos. Mollitia qui architecto ab commodi beatae veritatis id dolor.', 3, '2020-02-16 03:50:11', '2020-02-16 03:50:11'),
(234, 18, 'Enrico Lemke', 'Quia doloribus dolorum suscipit ipsa. Eius quia qui quis eveniet placeat deserunt dolorum consequuntur.', 2, '2020-02-16 03:50:11', '2020-02-16 03:50:11'),
(235, 32, 'Yolanda Bogan', 'Placeat veniam voluptatum blanditiis itaque ut et. Tempore maiores praesentium qui quia enim sit vel. Id provident eos magni. Aperiam dolores omnis et distinctio suscipit.', 0, '2020-02-16 03:50:11', '2020-02-16 03:50:11'),
(236, 38, 'Rhoda Pagac IV', 'Accusantium molestiae ducimus dolores et temporibus ipsum fuga. Qui doloribus sed dolorum assumenda quia. Nesciunt cum aut vero accusantium.', 3, '2020-02-16 03:50:11', '2020-02-16 03:50:11'),
(237, 39, 'Sarina Feil V', 'Ut non quaerat rerum nobis. Aut nihil non quia aspernatur quam ut.', 0, '2020-02-16 03:50:11', '2020-02-16 03:50:11'),
(238, 18, 'Kade Paucek', 'Non quo deleniti voluptatem. Corporis rerum illo quia sit. Optio omnis quis reprehenderit occaecati minima libero quibusdam.', 2, '2020-02-16 03:50:11', '2020-02-16 03:50:11'),
(239, 37, 'Dr. Kellen Crona III', 'Sunt quo quos officia earum necessitatibus rerum atque. Recusandae debitis dolores voluptatem a tempora quibusdam ducimus. Ut eligendi vitae quia.', 4, '2020-02-16 03:50:11', '2020-02-16 03:50:11'),
(240, 37, 'Heather Wintheiser', 'Totam aspernatur sapiente consequatur quasi doloribus. Fuga sint et commodi perspiciatis qui. Recusandae exercitationem expedita voluptas praesentium occaecati sunt. Esse temporibus ut voluptatem quae. Sed eum voluptas sit incidunt blanditiis accusantium provident itaque.', 5, '2020-02-16 03:50:11', '2020-02-16 03:50:11'),
(241, 6, 'Camryn Emard DDS', 'Minus exercitationem odio veritatis voluptate facilis sapiente sit. Mollitia incidunt reiciendis voluptatibus a aspernatur id distinctio. Assumenda vitae debitis delectus non voluptas officiis. Exercitationem enim dignissimos natus voluptatem et nihil dicta ab.', 0, '2020-02-16 03:50:11', '2020-02-16 03:50:11'),
(242, 38, 'Daisha Lockman', 'Voluptatem velit commodi delectus ducimus. Voluptatem architecto voluptas sapiente aut. Labore est voluptatem accusantium.', 0, '2020-02-16 03:50:11', '2020-02-16 03:50:11'),
(243, 4, 'Francisca Hauck', 'Esse veritatis vel similique dicta. Magnam voluptatem voluptas modi veritatis reiciendis. Eos itaque exercitationem impedit ratione non.', 0, '2020-02-16 03:50:11', '2020-02-16 03:50:11'),
(244, 24, 'Annalise Rohan', 'Veritatis deleniti deleniti sunt sint repellendus ut. Hic commodi rerum accusantium magni occaecati. Eum id excepturi repellendus vero id. Quia eius doloribus odit amet ipsum.', 4, '2020-02-16 03:50:11', '2020-02-16 03:50:11'),
(245, 2, 'Dr. Misty Wiza', 'Error eum laudantium praesentium doloribus quis. Molestiae neque quia eligendi dolorum doloribus sint iusto. Aut aperiam delectus sunt esse iusto dolor a ab.', 1, '2020-02-16 03:50:11', '2020-02-16 03:50:11'),
(246, 50, 'Lenora Witting', 'Quas molestiae voluptate et vel sit qui quia. Sequi sit numquam ab. Commodi et laborum quidem modi.', 5, '2020-02-16 03:50:11', '2020-02-16 03:50:11'),
(247, 11, 'Jaime Huels', 'Voluptatem consequuntur illo non sint. Incidunt voluptas sint necessitatibus dicta sit explicabo dolor blanditiis. Dolores ut eos nemo omnis aspernatur excepturi.', 1, '2020-02-16 03:50:11', '2020-02-16 03:50:11'),
(248, 5, 'Dr. Travis Corwin', 'Ducimus reprehenderit qui blanditiis nesciunt perspiciatis et sed. Sapiente sequi non vitae dignissimos inventore qui repudiandae. Consectetur est ut rerum. Aut molestiae et necessitatibus impedit laborum voluptatibus.', 2, '2020-02-16 03:50:11', '2020-02-16 03:50:11'),
(249, 44, 'Prof. Reyna McClure', 'Magnam qui esse facilis veniam rerum voluptatem sunt est. Fugiat in similique et qui necessitatibus expedita. Et exercitationem adipisci itaque repellendus corrupti.', 4, '2020-02-16 03:50:11', '2020-02-16 03:50:11'),
(250, 50, 'Maurice Predovic', 'Hic asperiores molestias quae laborum. Aliquid quae aut omnis.', 2, '2020-02-16 03:50:11', '2020-02-16 03:50:11'),
(251, 44, 'Carolyne McClure', 'Laborum molestiae quibusdam sed corporis et nihil. Vel tempore atque numquam maiores voluptate dolorem et. Vel ipsam excepturi omnis dignissimos ut. Quod est quibusdam et sunt eum. Magnam eum sint in delectus impedit quas.', 2, '2020-02-16 03:50:11', '2020-02-16 03:50:11'),
(252, 36, 'Ezekiel Flatley', 'Quidem adipisci molestias rerum id. Velit voluptate aut animi voluptas incidunt. Nisi veritatis enim eum magnam culpa. Nisi nam omnis quam.', 1, '2020-02-16 03:50:11', '2020-02-16 03:50:11'),
(253, 30, 'Miss Lenora Schowalter', 'Quam culpa consectetur exercitationem repudiandae consequatur esse vitae. Quia expedita fugiat corrupti esse. Excepturi repellendus ea explicabo qui.', 1, '2020-02-16 03:50:11', '2020-02-16 03:50:11'),
(254, 5, 'Ubaldo Bechtelar', 'Accusantium eos quasi occaecati saepe et beatae. Sunt aut harum et magni error nostrum incidunt. At rerum quis non atque saepe consectetur neque. Eaque occaecati ducimus et enim omnis exercitationem.', 5, '2020-02-16 03:50:11', '2020-02-16 03:50:11'),
(255, 13, 'Prof. Pearline Corwin III', 'Hic commodi autem dicta est quis. Velit ducimus qui inventore accusantium autem ea quo. Soluta corporis eius ipsa dolorem neque exercitationem laborum deleniti. Aliquam rerum ad ipsum nisi officiis nemo optio.', 2, '2020-02-16 03:50:11', '2020-02-16 03:50:11'),
(256, 39, 'Donna Senger', 'Laudantium repudiandae error inventore saepe reprehenderit. Omnis numquam perspiciatis esse laudantium non placeat porro. Iusto blanditiis libero ut.', 0, '2020-02-16 03:50:11', '2020-02-16 03:50:11'),
(257, 28, 'Jenifer Kshlerin Sr.', 'Harum sunt totam consequuntur. Dolor omnis praesentium facilis explicabo tempora.', 3, '2020-02-16 03:50:11', '2020-02-16 03:50:11'),
(258, 31, 'Branson Ritchie', 'Rem officiis cumque sint reiciendis. Ratione est laborum quia. Et assumenda omnis ex nulla doloribus.', 3, '2020-02-16 03:50:11', '2020-02-16 03:50:11'),
(259, 42, 'Alaina Bartell', 'Officiis omnis nemo commodi provident aliquid dignissimos. Consectetur quod commodi perspiciatis voluptatibus officiis eos. Suscipit atque placeat in explicabo. Aut error porro omnis vel.', 3, '2020-02-16 03:50:11', '2020-02-16 03:50:11'),
(260, 14, 'Eveline Labadie DVM', 'Distinctio aut velit veritatis sed ex dignissimos ut. Optio est earum vero nemo. Dolor ut vero quis quidem earum perspiciatis.', 0, '2020-02-16 03:50:11', '2020-02-16 03:50:11'),
(261, 44, 'Simone Emard', 'Assumenda nobis labore magni doloremque dolore provident id. Dolores natus eos ut. Voluptas at quisquam architecto officiis.', 4, '2020-02-16 03:50:11', '2020-02-16 03:50:11'),
(262, 37, 'Naomi Frami', 'Consequatur deserunt autem possimus. Aut est iste itaque ea culpa est est. Suscipit suscipit ad rerum doloremque maxime iusto eos.', 1, '2020-02-16 03:50:11', '2020-02-16 03:50:11'),
(263, 35, 'Kacie Shanahan', 'Cumque ex ipsum voluptates amet consectetur velit. Impedit minus delectus veritatis voluptatem. Facilis sapiente qui quae aut. Qui eius exercitationem et et tempore inventore aliquid.', 1, '2020-02-16 03:50:11', '2020-02-16 03:50:11'),
(264, 47, 'Yasmine Friesen', 'Distinctio tempora tempora et dicta cumque sequi. Optio sunt rerum ut officiis fuga et est. Tenetur eos corporis enim sint et. Voluptas magni consequatur quo esse ab eos maiores.', 5, '2020-02-16 03:50:11', '2020-02-16 03:50:11'),
(265, 12, 'Kadin Daugherty PhD', 'Quia et porro libero at. Quo possimus laboriosam magnam pariatur. Laborum et aliquam magni vel veniam veniam dolorem dignissimos. Ea ducimus quibusdam ut accusamus veniam.', 4, '2020-02-16 03:50:11', '2020-02-16 03:50:11'),
(266, 9, 'Alexandrea Champlin I', 'Eaque voluptatum numquam quis aut quis consectetur. Temporibus dicta dolorem ab et saepe. Corrupti et esse dolorem cumque quia sit.', 5, '2020-02-16 03:50:11', '2020-02-16 03:50:11'),
(267, 47, 'Sunny Dare', 'Occaecati omnis est ut ut. Delectus voluptatem officia beatae excepturi officiis. Atque delectus ut sequi doloremque eos fugit delectus quas. In beatae nisi asperiores qui.', 5, '2020-02-16 03:50:11', '2020-02-16 03:50:11'),
(268, 36, 'Ora Murazik', 'Explicabo minus aut perspiciatis fugit officia inventore corporis. Et nam ut illo libero est. Eum commodi quia quas illum sit placeat sint. Odio ut aut quis sed harum voluptas fugit et. Dicta harum voluptatem quia deserunt qui.', 0, '2020-02-16 03:50:11', '2020-02-16 03:50:11'),
(269, 24, 'Wilfredo Roberts', 'Accusantium et ipsa quia quasi. Voluptatem quasi impedit sint id et quia quasi reprehenderit.', 2, '2020-02-16 03:50:11', '2020-02-16 03:50:11'),
(270, 19, 'Mr. Axel O\'Reilly PhD', 'Saepe tempore amet sed enim nostrum id. Vel assumenda inventore mollitia magni in eligendi. Impedit explicabo aut aperiam illum. Fugiat ipsum rerum omnis. Quas dolorem numquam fuga voluptas.', 4, '2020-02-16 03:50:11', '2020-02-16 03:50:11'),
(271, 11, 'Prof. Libbie D\'Amore', 'Cupiditate maxime dolor dolor. Deleniti voluptas quis accusantium ut quasi. Omnis esse et modi. Aut quo debitis in dolores fugiat.', 5, '2020-02-16 03:50:11', '2020-02-16 03:50:11'),
(272, 27, 'Emilio Connelly', 'Et quae incidunt sunt. Quibusdam id sunt doloremque amet laborum. Architecto unde laborum ex qui libero velit laboriosam est. Nisi qui rerum qui corrupti exercitationem qui sapiente earum.', 4, '2020-02-16 03:50:11', '2020-02-16 03:50:11'),
(273, 18, 'Camille Rohan III', 'Et id deleniti corporis asperiores vitae in. Ipsum aliquid praesentium sit ipsum harum possimus alias. Nam quis velit dolores excepturi. Nisi velit a autem consequatur. Eum modi voluptas iure delectus quas qui et.', 2, '2020-02-16 03:50:11', '2020-02-16 03:50:11'),
(274, 3, 'Kathleen Denesik DDS', 'Nihil doloremque repudiandae veritatis esse. Est quia ut iure accusamus et. Harum ipsa modi et. Dignissimos corporis aliquam molestiae.', 5, '2020-02-16 03:50:11', '2020-02-16 03:50:11'),
(275, 45, 'Althea Ferry', 'Ab est omnis est et. Quia distinctio quia quo eum aut. Est dignissimos et in distinctio.', 0, '2020-02-16 03:50:11', '2020-02-16 03:50:11'),
(276, 49, 'Bianka Kunde DDS', 'Nihil unde voluptates sed. Assumenda dicta quisquam dolore ut ex odio quia sint.', 2, '2020-02-16 03:50:11', '2020-02-16 03:50:11'),
(277, 20, 'Mrs. Fleta Heller', 'Necessitatibus hic voluptatem in vel. Placeat assumenda vel asperiores et atque. Culpa dicta facere culpa temporibus.', 0, '2020-02-16 03:50:11', '2020-02-16 03:50:11'),
(278, 1, 'Dr. Kevon Wisoky', 'Consectetur et architecto incidunt voluptates saepe saepe similique. Aut aliquid aut quos non velit. Explicabo non aut error quod laborum. Nulla distinctio sit qui debitis laboriosam.', 0, '2020-02-16 03:50:11', '2020-02-16 03:50:11'),
(279, 18, 'Cleve Abshire PhD', 'Culpa voluptate consectetur aliquam neque et deleniti expedita. Dignissimos dicta provident ea asperiores autem minima rerum quia. Rem perferendis recusandae eaque vero minus. Dignissimos eum sunt fugit quibusdam corrupti voluptatem.', 2, '2020-02-16 03:50:11', '2020-02-16 03:50:11'),
(280, 3, 'Prof. Willy Stiedemann Sr.', 'Est et molestias recusandae voluptatem natus perferendis. Totam et libero facilis qui odio quia inventore. Tempore est quos omnis sed. Aut cumque quibusdam vel delectus non consequatur. Numquam eveniet maxime labore enim sed.', 4, '2020-02-16 03:50:11', '2020-02-16 03:50:11'),
(281, 19, 'Myra Hilpert', 'Et quidem quo quo eius. Non odio et consequatur asperiores aperiam voluptas. Omnis voluptas voluptatum quod fuga quia facere vel. Sed deserunt quaerat temporibus at.', 2, '2020-02-16 03:50:11', '2020-02-16 03:50:11'),
(282, 47, 'Angel Rogahn', 'Ut voluptatibus sunt totam ex magni illo assumenda. Quia sit saepe in quibusdam. Tenetur corporis et nisi vel odit. Est voluptas dignissimos commodi officiis atque officiis occaecati illo. Maiores quis occaecati et impedit.', 5, '2020-02-16 03:50:11', '2020-02-16 03:50:11'),
(283, 11, 'Mr. Hank Toy', 'Harum nemo placeat aspernatur labore quibusdam. Hic expedita omnis sed et dolorem culpa perferendis. Aut unde earum in ut quos non. Perferendis nesciunt ipsam nesciunt.', 4, '2020-02-16 03:50:11', '2020-02-16 03:50:11'),
(284, 38, 'Lorenza Veum', 'Temporibus qui nihil ratione blanditiis dolor tempore. Explicabo cum quia accusantium ut omnis magnam fugit. Sed odit quia recusandae inventore natus. Labore necessitatibus maiores iure voluptas ut cumque nihil. Dicta saepe vel molestias dolorem.', 3, '2020-02-16 03:50:11', '2020-02-16 03:50:11'),
(285, 13, 'Alexandrea Donnelly II', 'Minus quo nihil exercitationem optio sapiente est dolor blanditiis. Consequatur alias tenetur fuga non ad. Voluptatibus odio voluptas eaque id.', 5, '2020-02-16 03:50:11', '2020-02-16 03:50:11'),
(286, 24, 'Jeremy Trantow', 'Dolore qui corporis ut aut. Est consequuntur molestiae fugit repellat veniam. Amet qui officia aut nihil qui. Modi eum quia numquam laboriosam id magnam.', 5, '2020-02-16 03:50:11', '2020-02-16 03:50:11'),
(287, 14, 'Abbigail Ullrich', 'Et laudantium tenetur quis ratione voluptatem aut. Quis et numquam a perspiciatis cum est ad. Qui culpa et amet quo. Minima qui enim a voluptatibus sunt eveniet.', 3, '2020-02-16 03:50:11', '2020-02-16 03:50:11'),
(288, 38, 'Max Nader', 'Repudiandae atque sit dolores quisquam tenetur possimus sapiente. Blanditiis officia nihil delectus ut corporis. Sint porro suscipit perspiciatis aliquam vel sed id sapiente.', 3, '2020-02-16 03:50:11', '2020-02-16 03:50:11'),
(289, 39, 'Juliana Marquardt Jr.', 'Incidunt quia quae nihil quam qui aut. Id unde molestias quaerat ipsam voluptate. Sit dolor in possimus pariatur.', 1, '2020-02-16 03:50:11', '2020-02-16 03:50:11'),
(290, 45, 'Micheal Pollich', 'Placeat qui similique rem. Earum blanditiis tenetur inventore qui suscipit cumque nemo. Aperiam blanditiis est et. Facilis facere porro deserunt distinctio. Et dolor eos tempore explicabo ipsa.', 1, '2020-02-16 03:50:11', '2020-02-16 03:50:11'),
(291, 26, 'Aliyah Gutmann', 'Et eum iusto consequatur tempore eos sed. Quos et culpa quia et quidem. Est suscipit maxime saepe enim enim.', 0, '2020-02-16 03:50:11', '2020-02-16 03:50:11'),
(292, 24, 'Sean Murphy', 'Quo pariatur quo ea molestiae voluptatem. Qui molestias tenetur et nam. Eos eos vel laborum non quasi.', 3, '2020-02-16 03:50:11', '2020-02-16 03:50:11'),
(293, 6, 'Mr. Jeramie Little DDS', 'Recusandae non pariatur quia corporis qui voluptatem. Cumque quasi assumenda omnis excepturi. Et autem nihil nobis quia voluptatibus sed.', 3, '2020-02-16 03:50:11', '2020-02-16 03:50:11'),
(294, 35, 'Briana Ankunding', 'Eum saepe facere ipsum. Quo consequatur iste eius est deleniti. Deserunt labore a nihil rem atque consequuntur a voluptas. Ut nam tempore deserunt.', 4, '2020-02-16 03:50:11', '2020-02-16 03:50:11'),
(295, 20, 'Mr. Arnaldo Johnson I', 'Harum et tempora et voluptatem quam. Eum quaerat inventore qui quam beatae non. Ut voluptatem sed ea.', 2, '2020-02-16 03:50:11', '2020-02-16 03:50:11'),
(296, 2, 'Miss Jazmin Ritchie', 'Qui omnis quaerat ipsum voluptatem. Amet qui veniam quaerat molestiae quibusdam ut rem. Cupiditate aliquid dicta distinctio cum rerum amet non. Rerum cumque enim qui ab ea. Cum voluptatem minus rerum quidem modi.', 5, '2020-02-16 03:50:11', '2020-02-16 03:50:11'),
(297, 30, 'Prof. Luella Zieme', 'Quia rerum et praesentium. Sint exercitationem voluptatem consequatur et in molestiae. Qui iusto animi quos cupiditate consectetur est fugiat modi. Voluptas ad vel officia rerum sed qui.', 4, '2020-02-16 03:50:11', '2020-02-16 03:50:11'),
(298, 41, 'Gerardo Fadel II', 'Adipisci provident rerum suscipit aut. Omnis eligendi quaerat ut sunt totam rerum iusto in. Possimus officia rerum aut et perspiciatis sit dolores. Et quo quod vero non.', 4, '2020-02-16 03:50:11', '2020-02-16 03:50:11'),
(299, 18, 'Willa Bruen', 'Eum quidem consequuntur in harum. Reiciendis vero officia quo et porro aut. Necessitatibus cumque esse quo voluptas sint veniam.', 5, '2020-02-16 03:50:11', '2020-02-16 03:50:11'),
(300, 1, 'Ford Hauck Sr.', 'Molestiae deleniti soluta dolorem rerum saepe voluptas. Veniam ut dolorem omnis quia rem numquam.', 1, '2020-02-16 03:50:11', '2020-02-16 03:50:11');

-- --------------------------------------------------------

--
-- Table structure for table `users`
--

CREATE TABLE `users` (
  `id` int(10) UNSIGNED NOT NULL,
  `name` varchar(191) COLLATE utf8mb4_unicode_ci NOT NULL,
  `email` varchar(191) COLLATE utf8mb4_unicode_ci NOT NULL,
  `password` varchar(191) COLLATE utf8mb4_unicode_ci NOT NULL,
  `remember_token` varchar(100) COLLATE utf8mb4_unicode_ci DEFAULT NULL,
  `created_at` timestamp NULL DEFAULT NULL,
  `updated_at` timestamp NULL DEFAULT NULL
) ENGINE=InnoDB DEFAULT CHARSET=utf8mb4 COLLATE=utf8mb4_unicode_ci;

--
-- Indexes for dumped tables
--

--
-- Indexes for table `migrations`
--
ALTER TABLE `migrations`
  ADD PRIMARY KEY (`id`);

--
-- Indexes for table `password_resets`
--
ALTER TABLE `password_resets`
  ADD KEY `password_resets_email_index` (`email`);

--
-- Indexes for table `products`
--
ALTER TABLE `products`
  ADD PRIMARY KEY (`id`);

--
-- Indexes for table `reviews`
--
ALTER TABLE `reviews`
  ADD PRIMARY KEY (`id`),
  ADD KEY `reviews_product_id_index` (`product_id`);

--
-- Indexes for table `users`
--
ALTER TABLE `users`
  ADD PRIMARY KEY (`id`),
  ADD UNIQUE KEY `users_email_unique` (`email`);

--
-- AUTO_INCREMENT for dumped tables
--

--
-- AUTO_INCREMENT for table `migrations`
--
ALTER TABLE `migrations`
  MODIFY `id` int(10) UNSIGNED NOT NULL AUTO_INCREMENT, AUTO_INCREMENT=9;

--
-- AUTO_INCREMENT for table `products`
--
ALTER TABLE `products`
  MODIFY `id` int(10) UNSIGNED NOT NULL AUTO_INCREMENT, AUTO_INCREMENT=51;

--
-- AUTO_INCREMENT for table `reviews`
--
ALTER TABLE `reviews`
  MODIFY `id` int(10) UNSIGNED NOT NULL AUTO_INCREMENT, AUTO_INCREMENT=301;

--
-- AUTO_INCREMENT for table `users`
--
ALTER TABLE `users`
  MODIFY `id` int(10) UNSIGNED NOT NULL AUTO_INCREMENT;

--
-- Constraints for dumped tables
--

--
-- Constraints for table `reviews`
--
ALTER TABLE `reviews`
  ADD CONSTRAINT `reviews_product_id_foreign` FOREIGN KEY (`product_id`) REFERENCES `products` (`id`) ON DELETE CASCADE;
COMMIT;

/*!40101 SET CHARACTER_SET_CLIENT=@OLD_CHARACTER_SET_CLIENT */;
/*!40101 SET CHARACTER_SET_RESULTS=@OLD_CHARACTER_SET_RESULTS */;
/*!40101 SET COLLATION_CONNECTION=@OLD_COLLATION_CONNECTION */;
